"mon_year"	"category"	"n"
"Apr-2004"	"clothing, beauty, & fashion"	11
"Apr-2004"	"computers & internet"	198
"Apr-2004"	"education"	10
"Apr-2004"	"food & drink"	14
"Apr-2004"	"grab bag"	9
"Apr-2004"	"health & fitness"	27
"Apr-2004"	"home & garden"	21
"Apr-2004"	"human relations"	9
"Apr-2004"	"law & government"	10
"Apr-2004"	"media & arts"	68
"Apr-2004"	"pets & animals"	5
"Apr-2004"	"religion & philosophy"	3
"Apr-2004"	"science & nature"	14
"Apr-2004"	"shopping"	24
"Apr-2004"	"society & culture"	10
"Apr-2004"	"sports, hobbies, & recreation"	16
"Apr-2004"	"technology"	38
"Apr-2004"	"travel & transportation"	37
"Apr-2004"	"work & money"	25
"Apr-2004"	"writing & language"	24
"Apr-2005"	"clothing, beauty, & fashion"	25
"Apr-2005"	"computers & internet"	246
"Apr-2005"	"education"	32
"Apr-2005"	"food & drink"	39
"Apr-2005"	"grab bag"	19
"Apr-2005"	"health & fitness"	87
"Apr-2005"	"home & garden"	69
"Apr-2005"	"human relations"	43
"Apr-2005"	"law & government"	33
"Apr-2005"	"media & arts"	149
"Apr-2005"	"pets & animals"	16
"Apr-2005"	"religion & philosophy"	12
"Apr-2005"	"science & nature"	23
"Apr-2005"	"shopping"	35
"Apr-2005"	"society & culture"	37
"Apr-2005"	"sports, hobbies, & recreation"	41
"Apr-2005"	"technology"	82
"Apr-2005"	"travel & transportation"	88
"Apr-2005"	"work & money"	76
"Apr-2005"	"writing & language"	39
"Apr-2006"	"clothing, beauty, & fashion"	19
"Apr-2006"	"computers & internet"	270
"Apr-2006"	"education"	25
"Apr-2006"	"food & drink"	43
"Apr-2006"	"grab bag"	26
"Apr-2006"	"health & fitness"	70
"Apr-2006"	"home & garden"	46
"Apr-2006"	"human relations"	34
"Apr-2006"	"law & government"	38
"Apr-2006"	"media & arts"	100
"Apr-2006"	"pets & animals"	15
"Apr-2006"	"religion & philosophy"	19
"Apr-2006"	"science & nature"	28
"Apr-2006"	"shopping"	23
"Apr-2006"	"society & culture"	29
"Apr-2006"	"sports, hobbies, & recreation"	60
"Apr-2006"	"technology"	71
"Apr-2006"	"travel & transportation"	82
"Apr-2006"	"work & money"	72
"Apr-2006"	"writing & language"	22
"Apr-2007"	"clothing, beauty, & fashion"	32
"Apr-2007"	"computers & internet"	248
"Apr-2007"	"education"	37
"Apr-2007"	"food & drink"	53
"Apr-2007"	"grab bag"	34
"Apr-2007"	"health & fitness"	98
"Apr-2007"	"home & garden"	70
"Apr-2007"	"human relations"	74
"Apr-2007"	"law & government"	36
"Apr-2007"	"media & arts"	123
"Apr-2007"	"pets & animals"	17
"Apr-2007"	"religion & philosophy"	10
"Apr-2007"	"science & nature"	24
"Apr-2007"	"shopping"	28
"Apr-2007"	"society & culture"	37
"Apr-2007"	"sports, hobbies, & recreation"	51
"Apr-2007"	"technology"	83
"Apr-2007"	"travel & transportation"	95
"Apr-2007"	"work & money"	90
"Apr-2007"	"writing & language"	40
"Apr-2008"	"clothing, beauty, & fashion"	28
"Apr-2008"	"computers & internet"	191
"Apr-2008"	"education"	30
"Apr-2008"	"food & drink"	60
"Apr-2008"	"grab bag"	43
"Apr-2008"	"health & fitness"	70
"Apr-2008"	"home & garden"	52
"Apr-2008"	"human relations"	68
"Apr-2008"	"law & government"	37
"Apr-2008"	"media & arts"	92
"Apr-2008"	"pets & animals"	11
"Apr-2008"	"religion & philosophy"	10
"Apr-2008"	"science & nature"	17
"Apr-2008"	"shopping"	28
"Apr-2008"	"society & culture"	33
"Apr-2008"	"sports, hobbies, & recreation"	35
"Apr-2008"	"technology"	64
"Apr-2008"	"travel & transportation"	98
"Apr-2008"	"work & money"	87
"Apr-2008"	"writing & language"	24
"Apr-2009"	"clothing, beauty, & fashion"	38
"Apr-2009"	"computers & internet"	296
"Apr-2009"	"education"	53
"Apr-2009"	"food & drink"	100
"Apr-2009"	"grab bag"	62
"Apr-2009"	"health & fitness"	129
"Apr-2009"	"home & garden"	88
"Apr-2009"	"human relations"	121
"Apr-2009"	"law & government"	52
"Apr-2009"	"media & arts"	176
"Apr-2009"	"pets & animals"	25
"Apr-2009"	"religion & philosophy"	28
"Apr-2009"	"science & nature"	27
"Apr-2009"	"shopping"	27
"Apr-2009"	"society & culture"	39
"Apr-2009"	"sports, hobbies, & recreation"	66
"Apr-2009"	"technology"	95
"Apr-2009"	"travel & transportation"	128
"Apr-2009"	"work & money"	138
"Apr-2009"	"writing & language"	60
"Apr-2010"	"clothing, beauty, & fashion"	43
"Apr-2010"	"computers & internet"	224
"Apr-2010"	"education"	49
"Apr-2010"	"food & drink"	74
"Apr-2010"	"grab bag"	53
"Apr-2010"	"health & fitness"	98
"Apr-2010"	"home & garden"	75
"Apr-2010"	"human relations"	129
"Apr-2010"	"law & government"	39
"Apr-2010"	"media & arts"	115
"Apr-2010"	"pets & animals"	25
"Apr-2010"	"religion & philosophy"	11
"Apr-2010"	"science & nature"	23
"Apr-2010"	"shopping"	31
"Apr-2010"	"society & culture"	47
"Apr-2010"	"sports, hobbies, & recreation"	45
"Apr-2010"	"technology"	69
"Apr-2010"	"travel & transportation"	103
"Apr-2010"	"work & money"	115
"Apr-2010"	"writing & language"	32
"Apr-2011"	"clothing, beauty, & fashion"	22
"Apr-2011"	"computers & internet"	135
"Apr-2011"	"education"	40
"Apr-2011"	"food & drink"	49
"Apr-2011"	"grab bag"	33
"Apr-2011"	"health & fitness"	82
"Apr-2011"	"home & garden"	57
"Apr-2011"	"human relations"	72
"Apr-2011"	"law & government"	29
"Apr-2011"	"media & arts"	100
"Apr-2011"	"pets & animals"	22
"Apr-2011"	"religion & philosophy"	12
"Apr-2011"	"science & nature"	25
"Apr-2011"	"shopping"	22
"Apr-2011"	"society & culture"	37
"Apr-2011"	"sports, hobbies, & recreation"	36
"Apr-2011"	"technology"	54
"Apr-2011"	"travel & transportation"	72
"Apr-2011"	"work & money"	107
"Apr-2011"	"writing & language"	29
"Apr-2012"	"clothing, beauty, & fashion"	51
"Apr-2012"	"computers & internet"	123
"Apr-2012"	"education"	36
"Apr-2012"	"food & drink"	51
"Apr-2012"	"grab bag"	34
"Apr-2012"	"health & fitness"	83
"Apr-2012"	"home & garden"	43
"Apr-2012"	"human relations"	109
"Apr-2012"	"law & government"	41
"Apr-2012"	"media & arts"	108
"Apr-2012"	"pets & animals"	24
"Apr-2012"	"religion & philosophy"	6
"Apr-2012"	"science & nature"	14
"Apr-2012"	"shopping"	24
"Apr-2012"	"society & culture"	29
"Apr-2012"	"sports, hobbies, & recreation"	39
"Apr-2012"	"technology"	46
"Apr-2012"	"travel & transportation"	79
"Apr-2012"	"work & money"	92
"Apr-2012"	"writing & language"	32
"Apr-2013"	"clothing, beauty, & fashion"	7
"Apr-2013"	"computers & internet"	40
"Apr-2013"	"education"	9
"Apr-2013"	"food & drink"	11
"Apr-2013"	"grab bag"	14
"Apr-2013"	"health & fitness"	40
"Apr-2013"	"home & garden"	26
"Apr-2013"	"human relations"	50
"Apr-2013"	"law & government"	5
"Apr-2013"	"media & arts"	39
"Apr-2013"	"pets & animals"	7
"Apr-2013"	"religion & philosophy"	3
"Apr-2013"	"science & nature"	2
"Apr-2013"	"shopping"	12
"Apr-2013"	"society & culture"	20
"Apr-2013"	"sports, hobbies, & recreation"	11
"Apr-2013"	"technology"	24
"Apr-2013"	"travel & transportation"	37
"Apr-2013"	"work & money"	35
"Apr-2013"	"writing & language"	15
"Apr-2014"	"clothing, beauty, & fashion"	48
"Apr-2014"	"computers & internet"	80
"Apr-2014"	"education"	29
"Apr-2014"	"food & drink"	38
"Apr-2014"	"grab bag"	33
"Apr-2014"	"health & fitness"	69
"Apr-2014"	"home & garden"	73
"Apr-2014"	"human relations"	89
"Apr-2014"	"law & government"	26
"Apr-2014"	"media & arts"	93
"Apr-2014"	"pets & animals"	11
"Apr-2014"	"religion & philosophy"	3
"Apr-2014"	"science & nature"	20
"Apr-2014"	"shopping"	25
"Apr-2014"	"society & culture"	20
"Apr-2014"	"sports, hobbies, & recreation"	29
"Apr-2014"	"technology"	52
"Apr-2014"	"travel & transportation"	68
"Apr-2014"	"work & money"	93
"Apr-2014"	"writing & language"	26
"Aug-2004"	"clothing, beauty, & fashion"	11
"Aug-2004"	"computers & internet"	234
"Aug-2004"	"education"	10
"Aug-2004"	"food & drink"	16
"Aug-2004"	"grab bag"	28
"Aug-2004"	"health & fitness"	19
"Aug-2004"	"home & garden"	29
"Aug-2004"	"human relations"	17
"Aug-2004"	"law & government"	24
"Aug-2004"	"media & arts"	81
"Aug-2004"	"pets & animals"	11
"Aug-2004"	"religion & philosophy"	6
"Aug-2004"	"science & nature"	9
"Aug-2004"	"shopping"	40
"Aug-2004"	"society & culture"	30
"Aug-2004"	"sports, hobbies, & recreation"	30
"Aug-2004"	"technology"	35
"Aug-2004"	"travel & transportation"	36
"Aug-2004"	"work & money"	36
"Aug-2004"	"writing & language"	16
"Aug-2005"	"clothing, beauty, & fashion"	30
"Aug-2005"	"computers & internet"	351
"Aug-2005"	"education"	27
"Aug-2005"	"food & drink"	57
"Aug-2005"	"grab bag"	50
"Aug-2005"	"health & fitness"	102
"Aug-2005"	"home & garden"	70
"Aug-2005"	"human relations"	57
"Aug-2005"	"law & government"	52
"Aug-2005"	"media & arts"	141
"Aug-2005"	"pets & animals"	34
"Aug-2005"	"religion & philosophy"	12
"Aug-2005"	"science & nature"	39
"Aug-2005"	"shopping"	30
"Aug-2005"	"society & culture"	38
"Aug-2005"	"sports, hobbies, & recreation"	54
"Aug-2005"	"technology"	92
"Aug-2005"	"travel & transportation"	121
"Aug-2005"	"work & money"	76
"Aug-2005"	"writing & language"	29
"Aug-2007"	"clothing, beauty, & fashion"	28
"Aug-2007"	"computers & internet"	255
"Aug-2007"	"education"	39
"Aug-2007"	"food & drink"	53
"Aug-2007"	"grab bag"	45
"Aug-2007"	"health & fitness"	80
"Aug-2007"	"home & garden"	67
"Aug-2007"	"human relations"	80
"Aug-2007"	"law & government"	33
"Aug-2007"	"media & arts"	125
"Aug-2007"	"pets & animals"	22
"Aug-2007"	"religion & philosophy"	7
"Aug-2007"	"science & nature"	28
"Aug-2007"	"shopping"	35
"Aug-2007"	"society & culture"	39
"Aug-2007"	"sports, hobbies, & recreation"	51
"Aug-2007"	"technology"	96
"Aug-2007"	"travel & transportation"	108
"Aug-2007"	"work & money"	100
"Aug-2007"	"writing & language"	29
"Aug-2008"	"clothing, beauty, & fashion"	24
"Aug-2008"	"computers & internet"	180
"Aug-2008"	"education"	36
"Aug-2008"	"food & drink"	46
"Aug-2008"	"grab bag"	31
"Aug-2008"	"health & fitness"	71
"Aug-2008"	"home & garden"	50
"Aug-2008"	"human relations"	67
"Aug-2008"	"law & government"	34
"Aug-2008"	"media & arts"	101
"Aug-2008"	"pets & animals"	19
"Aug-2008"	"religion & philosophy"	6
"Aug-2008"	"science & nature"	19
"Aug-2008"	"shopping"	25
"Aug-2008"	"society & culture"	26
"Aug-2008"	"sports, hobbies, & recreation"	55
"Aug-2008"	"technology"	59
"Aug-2008"	"travel & transportation"	80
"Aug-2008"	"work & money"	74
"Aug-2008"	"writing & language"	30
"Aug-2009"	"clothing, beauty, & fashion"	28
"Aug-2009"	"computers & internet"	147
"Aug-2009"	"education"	38
"Aug-2009"	"food & drink"	43
"Aug-2009"	"grab bag"	26
"Aug-2009"	"health & fitness"	74
"Aug-2009"	"home & garden"	49
"Aug-2009"	"human relations"	79
"Aug-2009"	"law & government"	31
"Aug-2009"	"media & arts"	117
"Aug-2009"	"pets & animals"	11
"Aug-2009"	"religion & philosophy"	3
"Aug-2009"	"science & nature"	22
"Aug-2009"	"shopping"	23
"Aug-2009"	"society & culture"	34
"Aug-2009"	"sports, hobbies, & recreation"	48
"Aug-2009"	"technology"	68
"Aug-2009"	"travel & transportation"	87
"Aug-2009"	"work & money"	85
"Aug-2009"	"writing & language"	23
"Aug-2010"	"clothing, beauty, & fashion"	18
"Aug-2010"	"computers & internet"	76
"Aug-2010"	"education"	19
"Aug-2010"	"food & drink"	32
"Aug-2010"	"grab bag"	18
"Aug-2010"	"health & fitness"	48
"Aug-2010"	"home & garden"	33
"Aug-2010"	"human relations"	65
"Aug-2010"	"law & government"	22
"Aug-2010"	"media & arts"	70
"Aug-2010"	"pets & animals"	11
"Aug-2010"	"religion & philosophy"	3
"Aug-2010"	"science & nature"	13
"Aug-2010"	"shopping"	14
"Aug-2010"	"society & culture"	16
"Aug-2010"	"sports, hobbies, & recreation"	28
"Aug-2010"	"technology"	34
"Aug-2010"	"travel & transportation"	52
"Aug-2010"	"work & money"	39
"Aug-2010"	"writing & language"	28
"Aug-2011"	"clothing, beauty, & fashion"	44
"Aug-2011"	"computers & internet"	180
"Aug-2011"	"education"	44
"Aug-2011"	"food & drink"	74
"Aug-2011"	"grab bag"	44
"Aug-2011"	"health & fitness"	99
"Aug-2011"	"home & garden"	78
"Aug-2011"	"human relations"	117
"Aug-2011"	"law & government"	37
"Aug-2011"	"media & arts"	150
"Aug-2011"	"pets & animals"	28
"Aug-2011"	"religion & philosophy"	7
"Aug-2011"	"science & nature"	27
"Aug-2011"	"shopping"	33
"Aug-2011"	"society & culture"	43
"Aug-2011"	"sports, hobbies, & recreation"	37
"Aug-2011"	"technology"	71
"Aug-2011"	"travel & transportation"	109
"Aug-2011"	"work & money"	127
"Aug-2011"	"writing & language"	38
"Aug-2012"	"clothing, beauty, & fashion"	34
"Aug-2012"	"computers & internet"	122
"Aug-2012"	"education"	39
"Aug-2012"	"food & drink"	55
"Aug-2012"	"grab bag"	29
"Aug-2012"	"health & fitness"	87
"Aug-2012"	"home & garden"	61
"Aug-2012"	"human relations"	93
"Aug-2012"	"law & government"	29
"Aug-2012"	"media & arts"	71
"Aug-2012"	"pets & animals"	15
"Aug-2012"	"religion & philosophy"	3
"Aug-2012"	"science & nature"	15
"Aug-2012"	"shopping"	23
"Aug-2012"	"society & culture"	18
"Aug-2012"	"sports, hobbies, & recreation"	47
"Aug-2012"	"technology"	53
"Aug-2012"	"travel & transportation"	82
"Aug-2012"	"work & money"	87
"Aug-2012"	"writing & language"	32
"Aug-2013"	"clothing, beauty, & fashion"	15
"Aug-2013"	"computers & internet"	34
"Aug-2013"	"education"	17
"Aug-2013"	"food & drink"	16
"Aug-2013"	"grab bag"	15
"Aug-2013"	"health & fitness"	33
"Aug-2013"	"home & garden"	22
"Aug-2013"	"human relations"	47
"Aug-2013"	"law & government"	11
"Aug-2013"	"media & arts"	42
"Aug-2013"	"pets & animals"	7
"Aug-2013"	"religion & philosophy"	3
"Aug-2013"	"science & nature"	13
"Aug-2013"	"shopping"	6
"Aug-2013"	"society & culture"	9
"Aug-2013"	"sports, hobbies, & recreation"	17
"Aug-2013"	"technology"	20
"Aug-2013"	"travel & transportation"	31
"Aug-2013"	"work & money"	25
"Aug-2013"	"writing & language"	7
"Aug-2014"	"clothing, beauty, & fashion"	3
"Aug-2014"	"computers & internet"	12
"Aug-2014"	"education"	2
"Aug-2014"	"food & drink"	7
"Aug-2014"	"grab bag"	8
"Aug-2014"	"health & fitness"	13
"Aug-2014"	"home & garden"	8
"Aug-2014"	"human relations"	15
"Aug-2014"	"law & government"	4
"Aug-2014"	"media & arts"	10
"Aug-2014"	"pets & animals"	3
"Aug-2014"	"science & nature"	3
"Aug-2014"	"society & culture"	3
"Aug-2014"	"sports, hobbies, & recreation"	2
"Aug-2014"	"technology"	8
"Aug-2014"	"travel & transportation"	7
"Aug-2014"	"work & money"	13
"Aug-2014"	"writing & language"	4
"Dec-2003"	"clothing, beauty, & fashion"	7
"Dec-2003"	"computers & internet"	134
"Dec-2003"	"education"	14
"Dec-2003"	"food & drink"	22
"Dec-2003"	"grab bag"	16
"Dec-2003"	"health & fitness"	23
"Dec-2003"	"home & garden"	21
"Dec-2003"	"human relations"	13
"Dec-2003"	"law & government"	4
"Dec-2003"	"media & arts"	63
"Dec-2003"	"pets & animals"	10
"Dec-2003"	"religion & philosophy"	6
"Dec-2003"	"science & nature"	7
"Dec-2003"	"shopping"	31
"Dec-2003"	"society & culture"	16
"Dec-2003"	"sports, hobbies, & recreation"	19
"Dec-2003"	"technology"	29
"Dec-2003"	"travel & transportation"	23
"Dec-2003"	"work & money"	21
"Dec-2003"	"writing & language"	19
"Dec-2004"	"clothing, beauty, & fashion"	27
"Dec-2004"	"computers & internet"	227
"Dec-2004"	"education"	26
"Dec-2004"	"food & drink"	41
"Dec-2004"	"grab bag"	45
"Dec-2004"	"health & fitness"	53
"Dec-2004"	"home & garden"	44
"Dec-2004"	"human relations"	50
"Dec-2004"	"law & government"	38
"Dec-2004"	"media & arts"	134
"Dec-2004"	"pets & animals"	15
"Dec-2004"	"religion & philosophy"	13
"Dec-2004"	"science & nature"	16
"Dec-2004"	"shopping"	62
"Dec-2004"	"society & culture"	38
"Dec-2004"	"sports, hobbies, & recreation"	33
"Dec-2004"	"technology"	64
"Dec-2004"	"travel & transportation"	80
"Dec-2004"	"work & money"	60
"Dec-2004"	"writing & language"	39
"Dec-2005"	"clothing, beauty, & fashion"	8
"Dec-2005"	"computers & internet"	77
"Dec-2005"	"education"	7
"Dec-2005"	"food & drink"	12
"Dec-2005"	"grab bag"	8
"Dec-2005"	"health & fitness"	18
"Dec-2005"	"home & garden"	16
"Dec-2005"	"human relations"	28
"Dec-2005"	"law & government"	13
"Dec-2005"	"media & arts"	29
"Dec-2005"	"pets & animals"	4
"Dec-2005"	"religion & philosophy"	3
"Dec-2005"	"science & nature"	9
"Dec-2005"	"shopping"	12
"Dec-2005"	"society & culture"	5
"Dec-2005"	"sports, hobbies, & recreation"	11
"Dec-2005"	"technology"	18
"Dec-2005"	"travel & transportation"	13
"Dec-2005"	"work & money"	15
"Dec-2005"	"writing & language"	5
"Dec-2006"	"clothing, beauty, & fashion"	24
"Dec-2006"	"computers & internet"	164
"Dec-2006"	"education"	16
"Dec-2006"	"food & drink"	33
"Dec-2006"	"grab bag"	28
"Dec-2006"	"health & fitness"	50
"Dec-2006"	"home & garden"	25
"Dec-2006"	"human relations"	51
"Dec-2006"	"law & government"	15
"Dec-2006"	"media & arts"	86
"Dec-2006"	"pets & animals"	17
"Dec-2006"	"religion & philosophy"	11
"Dec-2006"	"science & nature"	16
"Dec-2006"	"shopping"	23
"Dec-2006"	"society & culture"	18
"Dec-2006"	"sports, hobbies, & recreation"	35
"Dec-2006"	"technology"	52
"Dec-2006"	"travel & transportation"	55
"Dec-2006"	"work & money"	42
"Dec-2006"	"writing & language"	15
"Dec-2007"	"clothing, beauty, & fashion"	44
"Dec-2007"	"computers & internet"	296
"Dec-2007"	"education"	35
"Dec-2007"	"food & drink"	80
"Dec-2007"	"grab bag"	66
"Dec-2007"	"health & fitness"	110
"Dec-2007"	"home & garden"	58
"Dec-2007"	"human relations"	91
"Dec-2007"	"law & government"	32
"Dec-2007"	"media & arts"	164
"Dec-2007"	"pets & animals"	17
"Dec-2007"	"religion & philosophy"	15
"Dec-2007"	"science & nature"	23
"Dec-2007"	"shopping"	59
"Dec-2007"	"society & culture"	44
"Dec-2007"	"sports, hobbies, & recreation"	51
"Dec-2007"	"technology"	90
"Dec-2007"	"travel & transportation"	115
"Dec-2007"	"work & money"	83
"Dec-2007"	"writing & language"	44
"Dec-2008"	"clothing, beauty, & fashion"	25
"Dec-2008"	"computers & internet"	155
"Dec-2008"	"education"	24
"Dec-2008"	"food & drink"	31
"Dec-2008"	"grab bag"	38
"Dec-2008"	"health & fitness"	44
"Dec-2008"	"home & garden"	42
"Dec-2008"	"human relations"	73
"Dec-2008"	"law & government"	25
"Dec-2008"	"media & arts"	67
"Dec-2008"	"pets & animals"	16
"Dec-2008"	"religion & philosophy"	6
"Dec-2008"	"science & nature"	15
"Dec-2008"	"shopping"	24
"Dec-2008"	"society & culture"	29
"Dec-2008"	"sports, hobbies, & recreation"	24
"Dec-2008"	"technology"	55
"Dec-2008"	"travel & transportation"	35
"Dec-2008"	"work & money"	52
"Dec-2008"	"writing & language"	27
"Dec-2009"	"clothing, beauty, & fashion"	19
"Dec-2009"	"computers & internet"	70
"Dec-2009"	"education"	16
"Dec-2009"	"food & drink"	47
"Dec-2009"	"grab bag"	18
"Dec-2009"	"health & fitness"	36
"Dec-2009"	"home & garden"	28
"Dec-2009"	"human relations"	42
"Dec-2009"	"law & government"	14
"Dec-2009"	"media & arts"	58
"Dec-2009"	"pets & animals"	6
"Dec-2009"	"religion & philosophy"	6
"Dec-2009"	"science & nature"	2
"Dec-2009"	"shopping"	12
"Dec-2009"	"society & culture"	13
"Dec-2009"	"sports, hobbies, & recreation"	18
"Dec-2009"	"technology"	38
"Dec-2009"	"travel & transportation"	39
"Dec-2009"	"work & money"	49
"Dec-2009"	"writing & language"	10
"Dec-2010"	"clothing, beauty, & fashion"	44
"Dec-2010"	"computers & internet"	225
"Dec-2010"	"education"	50
"Dec-2010"	"food & drink"	103
"Dec-2010"	"grab bag"	59
"Dec-2010"	"health & fitness"	124
"Dec-2010"	"home & garden"	93
"Dec-2010"	"human relations"	136
"Dec-2010"	"law & government"	41
"Dec-2010"	"media & arts"	143
"Dec-2010"	"pets & animals"	29
"Dec-2010"	"religion & philosophy"	13
"Dec-2010"	"science & nature"	32
"Dec-2010"	"shopping"	73
"Dec-2010"	"society & culture"	40
"Dec-2010"	"sports, hobbies, & recreation"	63
"Dec-2010"	"technology"	90
"Dec-2010"	"travel & transportation"	102
"Dec-2010"	"work & money"	115
"Dec-2010"	"writing & language"	42
"Dec-2011"	"clothing, beauty, & fashion"	46
"Dec-2011"	"computers & internet"	218
"Dec-2011"	"education"	45
"Dec-2011"	"food & drink"	96
"Dec-2011"	"grab bag"	71
"Dec-2011"	"health & fitness"	147
"Dec-2011"	"home & garden"	92
"Dec-2011"	"human relations"	173
"Dec-2011"	"law & government"	43
"Dec-2011"	"media & arts"	145
"Dec-2011"	"pets & animals"	35
"Dec-2011"	"religion & philosophy"	14
"Dec-2011"	"science & nature"	32
"Dec-2011"	"shopping"	70
"Dec-2011"	"society & culture"	49
"Dec-2011"	"sports, hobbies, & recreation"	61
"Dec-2011"	"technology"	103
"Dec-2011"	"travel & transportation"	109
"Dec-2011"	"work & money"	143
"Dec-2011"	"writing & language"	49
"Dec-2012"	"clothing, beauty, & fashion"	37
"Dec-2012"	"computers & internet"	103
"Dec-2012"	"education"	24
"Dec-2012"	"food & drink"	44
"Dec-2012"	"grab bag"	32
"Dec-2012"	"health & fitness"	97
"Dec-2012"	"home & garden"	47
"Dec-2012"	"human relations"	101
"Dec-2012"	"law & government"	30
"Dec-2012"	"media & arts"	89
"Dec-2012"	"pets & animals"	24
"Dec-2012"	"religion & philosophy"	10
"Dec-2012"	"science & nature"	17
"Dec-2012"	"shopping"	43
"Dec-2012"	"society & culture"	25
"Dec-2012"	"sports, hobbies, & recreation"	33
"Dec-2012"	"technology"	39
"Dec-2012"	"travel & transportation"	61
"Dec-2012"	"work & money"	82
"Dec-2012"	"writing & language"	31
"Dec-2013"	"clothing, beauty, & fashion"	53
"Dec-2013"	"computers & internet"	112
"Dec-2013"	"education"	23
"Dec-2013"	"food & drink"	73
"Dec-2013"	"grab bag"	44
"Dec-2013"	"health & fitness"	86
"Dec-2013"	"home & garden"	58
"Dec-2013"	"human relations"	97
"Dec-2013"	"law & government"	23
"Dec-2013"	"media & arts"	97
"Dec-2013"	"pets & animals"	21
"Dec-2013"	"religion & philosophy"	4
"Dec-2013"	"science & nature"	17
"Dec-2013"	"shopping"	55
"Dec-2013"	"society & culture"	26
"Dec-2013"	"sports, hobbies, & recreation"	43
"Dec-2013"	"technology"	55
"Dec-2013"	"travel & transportation"	68
"Dec-2013"	"work & money"	89
"Dec-2013"	"writing & language"	22
"Feb-2004"	"clothing, beauty, & fashion"	2
"Feb-2004"	"computers & internet"	165
"Feb-2004"	"education"	6
"Feb-2004"	"food & drink"	12
"Feb-2004"	"grab bag"	15
"Feb-2004"	"health & fitness"	21
"Feb-2004"	"home & garden"	23
"Feb-2004"	"human relations"	10
"Feb-2004"	"law & government"	11
"Feb-2004"	"media & arts"	31
"Feb-2004"	"pets & animals"	4
"Feb-2004"	"religion & philosophy"	5
"Feb-2004"	"science & nature"	7
"Feb-2004"	"shopping"	16
"Feb-2004"	"society & culture"	8
"Feb-2004"	"sports, hobbies, & recreation"	6
"Feb-2004"	"technology"	28
"Feb-2004"	"travel & transportation"	27
"Feb-2004"	"work & money"	22
"Feb-2004"	"writing & language"	10
"Feb-2005"	"clothing, beauty, & fashion"	3
"Feb-2005"	"computers & internet"	96
"Feb-2005"	"education"	7
"Feb-2005"	"food & drink"	14
"Feb-2005"	"grab bag"	16
"Feb-2005"	"health & fitness"	19
"Feb-2005"	"home & garden"	11
"Feb-2005"	"human relations"	10
"Feb-2005"	"law & government"	11
"Feb-2005"	"media & arts"	40
"Feb-2005"	"pets & animals"	9
"Feb-2005"	"religion & philosophy"	4
"Feb-2005"	"science & nature"	3
"Feb-2005"	"shopping"	9
"Feb-2005"	"society & culture"	13
"Feb-2005"	"sports, hobbies, & recreation"	8
"Feb-2005"	"technology"	27
"Feb-2005"	"travel & transportation"	28
"Feb-2005"	"work & money"	17
"Feb-2005"	"writing & language"	12
"Feb-2006"	"clothing, beauty, & fashion"	12
"Feb-2006"	"computers & internet"	246
"Feb-2006"	"education"	15
"Feb-2006"	"food & drink"	41
"Feb-2006"	"grab bag"	22
"Feb-2006"	"health & fitness"	65
"Feb-2006"	"home & garden"	33
"Feb-2006"	"human relations"	44
"Feb-2006"	"law & government"	42
"Feb-2006"	"media & arts"	78
"Feb-2006"	"pets & animals"	15
"Feb-2006"	"religion & philosophy"	7
"Feb-2006"	"science & nature"	18
"Feb-2006"	"shopping"	20
"Feb-2006"	"society & culture"	21
"Feb-2006"	"sports, hobbies, & recreation"	32
"Feb-2006"	"technology"	53
"Feb-2006"	"travel & transportation"	60
"Feb-2006"	"work & money"	57
"Feb-2006"	"writing & language"	21
"Feb-2008"	"clothing, beauty, & fashion"	52
"Feb-2008"	"computers & internet"	330
"Feb-2008"	"education"	42
"Feb-2008"	"food & drink"	63
"Feb-2008"	"grab bag"	62
"Feb-2008"	"health & fitness"	109
"Feb-2008"	"home & garden"	75
"Feb-2008"	"human relations"	97
"Feb-2008"	"law & government"	46
"Feb-2008"	"media & arts"	157
"Feb-2008"	"pets & animals"	24
"Feb-2008"	"religion & philosophy"	12
"Feb-2008"	"science & nature"	33
"Feb-2008"	"shopping"	33
"Feb-2008"	"society & culture"	42
"Feb-2008"	"sports, hobbies, & recreation"	55
"Feb-2008"	"technology"	95
"Feb-2008"	"travel & transportation"	103
"Feb-2008"	"work & money"	114
"Feb-2008"	"writing & language"	46
"Feb-2009"	"clothing, beauty, & fashion"	52
"Feb-2009"	"computers & internet"	293
"Feb-2009"	"education"	55
"Feb-2009"	"food & drink"	85
"Feb-2009"	"grab bag"	61
"Feb-2009"	"health & fitness"	110
"Feb-2009"	"home & garden"	77
"Feb-2009"	"human relations"	118
"Feb-2009"	"law & government"	53
"Feb-2009"	"media & arts"	151
"Feb-2009"	"pets & animals"	26
"Feb-2009"	"religion & philosophy"	9
"Feb-2009"	"science & nature"	30
"Feb-2009"	"shopping"	32
"Feb-2009"	"society & culture"	44
"Feb-2009"	"sports, hobbies, & recreation"	65
"Feb-2009"	"technology"	101
"Feb-2009"	"travel & transportation"	107
"Feb-2009"	"work & money"	152
"Feb-2009"	"writing & language"	51
"Feb-2010"	"clothing, beauty, & fashion"	51
"Feb-2010"	"computers & internet"	314
"Feb-2010"	"education"	67
"Feb-2010"	"food & drink"	78
"Feb-2010"	"grab bag"	68
"Feb-2010"	"health & fitness"	139
"Feb-2010"	"home & garden"	91
"Feb-2010"	"human relations"	126
"Feb-2010"	"law & government"	62
"Feb-2010"	"media & arts"	156
"Feb-2010"	"pets & animals"	30
"Feb-2010"	"religion & philosophy"	11
"Feb-2010"	"science & nature"	27
"Feb-2010"	"shopping"	24
"Feb-2010"	"society & culture"	47
"Feb-2010"	"sports, hobbies, & recreation"	78
"Feb-2010"	"technology"	107
"Feb-2010"	"travel & transportation"	108
"Feb-2010"	"work & money"	140
"Feb-2010"	"writing & language"	53
"Feb-2011"	"clothing, beauty, & fashion"	3
"Feb-2011"	"computers & internet"	44
"Feb-2011"	"education"	11
"Feb-2011"	"food & drink"	7
"Feb-2011"	"grab bag"	13
"Feb-2011"	"health & fitness"	21
"Feb-2011"	"home & garden"	17
"Feb-2011"	"human relations"	30
"Feb-2011"	"law & government"	8
"Feb-2011"	"media & arts"	31
"Feb-2011"	"pets & animals"	3
"Feb-2011"	"religion & philosophy"	1
"Feb-2011"	"science & nature"	3
"Feb-2011"	"shopping"	3
"Feb-2011"	"society & culture"	9
"Feb-2011"	"sports, hobbies, & recreation"	4
"Feb-2011"	"technology"	14
"Feb-2011"	"travel & transportation"	15
"Feb-2011"	"work & money"	30
"Feb-2011"	"writing & language"	7
"Feb-2012"	"clothing, beauty, & fashion"	39
"Feb-2012"	"computers & internet"	201
"Feb-2012"	"education"	41
"Feb-2012"	"food & drink"	55
"Feb-2012"	"grab bag"	55
"Feb-2012"	"health & fitness"	129
"Feb-2012"	"home & garden"	84
"Feb-2012"	"human relations"	139
"Feb-2012"	"law & government"	49
"Feb-2012"	"media & arts"	135
"Feb-2012"	"pets & animals"	23
"Feb-2012"	"religion & philosophy"	11
"Feb-2012"	"science & nature"	24
"Feb-2012"	"shopping"	28
"Feb-2012"	"society & culture"	42
"Feb-2012"	"sports, hobbies, & recreation"	47
"Feb-2012"	"technology"	75
"Feb-2012"	"travel & transportation"	80
"Feb-2012"	"work & money"	145
"Feb-2012"	"writing & language"	46
"Feb-2013"	"clothing, beauty, & fashion"	16
"Feb-2013"	"computers & internet"	81
"Feb-2013"	"education"	21
"Feb-2013"	"food & drink"	35
"Feb-2013"	"grab bag"	20
"Feb-2013"	"health & fitness"	63
"Feb-2013"	"home & garden"	33
"Feb-2013"	"human relations"	80
"Feb-2013"	"law & government"	18
"Feb-2013"	"media & arts"	58
"Feb-2013"	"pets & animals"	7
"Feb-2013"	"religion & philosophy"	2
"Feb-2013"	"science & nature"	11
"Feb-2013"	"shopping"	7
"Feb-2013"	"society & culture"	19
"Feb-2013"	"sports, hobbies, & recreation"	21
"Feb-2013"	"technology"	40
"Feb-2013"	"travel & transportation"	47
"Feb-2013"	"work & money"	65
"Feb-2013"	"writing & language"	18
"Feb-2014"	"clothing, beauty, & fashion"	26
"Feb-2014"	"computers & internet"	94
"Feb-2014"	"education"	34
"Feb-2014"	"food & drink"	30
"Feb-2014"	"grab bag"	28
"Feb-2014"	"health & fitness"	59
"Feb-2014"	"home & garden"	45
"Feb-2014"	"human relations"	98
"Feb-2014"	"law & government"	25
"Feb-2014"	"media & arts"	83
"Feb-2014"	"pets & animals"	15
"Feb-2014"	"religion & philosophy"	8
"Feb-2014"	"science & nature"	16
"Feb-2014"	"shopping"	26
"Feb-2014"	"society & culture"	26
"Feb-2014"	"sports, hobbies, & recreation"	35
"Feb-2014"	"technology"	41
"Feb-2014"	"travel & transportation"	49
"Feb-2014"	"work & money"	73
"Feb-2014"	"writing & language"	28
"Jan-2004"	"clothing, beauty, & fashion"	13
"Jan-2004"	"computers & internet"	237
"Jan-2004"	"education"	16
"Jan-2004"	"food & drink"	23
"Jan-2004"	"grab bag"	13
"Jan-2004"	"health & fitness"	31
"Jan-2004"	"home & garden"	27
"Jan-2004"	"human relations"	10
"Jan-2004"	"law & government"	23
"Jan-2004"	"media & arts"	61
"Jan-2004"	"pets & animals"	16
"Jan-2004"	"religion & philosophy"	7
"Jan-2004"	"science & nature"	7
"Jan-2004"	"shopping"	25
"Jan-2004"	"society & culture"	11
"Jan-2004"	"sports, hobbies, & recreation"	18
"Jan-2004"	"technology"	39
"Jan-2004"	"travel & transportation"	35
"Jan-2004"	"work & money"	39
"Jan-2004"	"writing & language"	15
"Jan-2005"	"clothing, beauty, & fashion"	13
"Jan-2005"	"computers & internet"	280
"Jan-2005"	"education"	28
"Jan-2005"	"food & drink"	45
"Jan-2005"	"grab bag"	26
"Jan-2005"	"health & fitness"	56
"Jan-2005"	"home & garden"	47
"Jan-2005"	"human relations"	40
"Jan-2005"	"law & government"	30
"Jan-2005"	"media & arts"	119
"Jan-2005"	"pets & animals"	18
"Jan-2005"	"religion & philosophy"	6
"Jan-2005"	"science & nature"	15
"Jan-2005"	"shopping"	37
"Jan-2005"	"society & culture"	40
"Jan-2005"	"sports, hobbies, & recreation"	28
"Jan-2005"	"technology"	65
"Jan-2005"	"travel & transportation"	70
"Jan-2005"	"work & money"	66
"Jan-2005"	"writing & language"	52
"Jan-2006"	"clothing, beauty, & fashion"	29
"Jan-2006"	"computers & internet"	352
"Jan-2006"	"education"	27
"Jan-2006"	"food & drink"	71
"Jan-2006"	"grab bag"	39
"Jan-2006"	"health & fitness"	105
"Jan-2006"	"home & garden"	57
"Jan-2006"	"human relations"	50
"Jan-2006"	"law & government"	53
"Jan-2006"	"media & arts"	121
"Jan-2006"	"pets & animals"	14
"Jan-2006"	"religion & philosophy"	9
"Jan-2006"	"science & nature"	33
"Jan-2006"	"shopping"	27
"Jan-2006"	"society & culture"	35
"Jan-2006"	"sports, hobbies, & recreation"	56
"Jan-2006"	"technology"	92
"Jan-2006"	"travel & transportation"	90
"Jan-2006"	"work & money"	88
"Jan-2006"	"writing & language"	38
"Jan-2007"	"clothing, beauty, & fashion"	10
"Jan-2007"	"computers & internet"	59
"Jan-2007"	"education"	4
"Jan-2007"	"food & drink"	14
"Jan-2007"	"grab bag"	7
"Jan-2007"	"health & fitness"	34
"Jan-2007"	"home & garden"	14
"Jan-2007"	"human relations"	21
"Jan-2007"	"law & government"	12
"Jan-2007"	"media & arts"	28
"Jan-2007"	"pets & animals"	7
"Jan-2007"	"science & nature"	7
"Jan-2007"	"shopping"	8
"Jan-2007"	"society & culture"	12
"Jan-2007"	"sports, hobbies, & recreation"	12
"Jan-2007"	"technology"	8
"Jan-2007"	"travel & transportation"	26
"Jan-2007"	"work & money"	25
"Jan-2007"	"writing & language"	13
"Jan-2008"	"clothing, beauty, & fashion"	52
"Jan-2008"	"computers & internet"	312
"Jan-2008"	"education"	44
"Jan-2008"	"food & drink"	83
"Jan-2008"	"grab bag"	57
"Jan-2008"	"health & fitness"	113
"Jan-2008"	"home & garden"	74
"Jan-2008"	"human relations"	76
"Jan-2008"	"law & government"	85
"Jan-2008"	"media & arts"	196
"Jan-2008"	"pets & animals"	24
"Jan-2008"	"religion & philosophy"	13
"Jan-2008"	"science & nature"	36
"Jan-2008"	"shopping"	37
"Jan-2008"	"society & culture"	43
"Jan-2008"	"sports, hobbies, & recreation"	72
"Jan-2008"	"technology"	104
"Jan-2008"	"travel & transportation"	113
"Jan-2008"	"work & money"	129
"Jan-2008"	"writing & language"	51
"Jan-2009"	"clothing, beauty, & fashion"	25
"Jan-2009"	"computers & internet"	177
"Jan-2009"	"education"	32
"Jan-2009"	"food & drink"	52
"Jan-2009"	"grab bag"	36
"Jan-2009"	"health & fitness"	72
"Jan-2009"	"home & garden"	50
"Jan-2009"	"human relations"	70
"Jan-2009"	"law & government"	35
"Jan-2009"	"media & arts"	103
"Jan-2009"	"pets & animals"	17
"Jan-2009"	"religion & philosophy"	3
"Jan-2009"	"science & nature"	18
"Jan-2009"	"shopping"	23
"Jan-2009"	"society & culture"	31
"Jan-2009"	"sports, hobbies, & recreation"	47
"Jan-2009"	"technology"	54
"Jan-2009"	"travel & transportation"	66
"Jan-2009"	"work & money"	73
"Jan-2009"	"writing & language"	24
"Jan-2010"	"clothing, beauty, & fashion"	40
"Jan-2010"	"computers & internet"	182
"Jan-2010"	"education"	42
"Jan-2010"	"food & drink"	62
"Jan-2010"	"grab bag"	38
"Jan-2010"	"health & fitness"	94
"Jan-2010"	"home & garden"	64
"Jan-2010"	"human relations"	101
"Jan-2010"	"law & government"	43
"Jan-2010"	"media & arts"	108
"Jan-2010"	"pets & animals"	13
"Jan-2010"	"religion & philosophy"	9
"Jan-2010"	"science & nature"	25
"Jan-2010"	"shopping"	21
"Jan-2010"	"society & culture"	36
"Jan-2010"	"sports, hobbies, & recreation"	40
"Jan-2010"	"technology"	57
"Jan-2010"	"travel & transportation"	91
"Jan-2010"	"work & money"	106
"Jan-2010"	"writing & language"	17
"Jan-2011"	"clothing, beauty, & fashion"	44
"Jan-2011"	"computers & internet"	258
"Jan-2011"	"education"	65
"Jan-2011"	"food & drink"	95
"Jan-2011"	"grab bag"	78
"Jan-2011"	"health & fitness"	160
"Jan-2011"	"home & garden"	90
"Jan-2011"	"human relations"	137
"Jan-2011"	"law & government"	55
"Jan-2011"	"media & arts"	190
"Jan-2011"	"pets & animals"	38
"Jan-2011"	"religion & philosophy"	15
"Jan-2011"	"science & nature"	35
"Jan-2011"	"shopping"	59
"Jan-2011"	"society & culture"	56
"Jan-2011"	"sports, hobbies, & recreation"	49
"Jan-2011"	"technology"	114
"Jan-2011"	"travel & transportation"	106
"Jan-2011"	"work & money"	138
"Jan-2011"	"writing & language"	40
"Jan-2012"	"clothing, beauty, & fashion"	42
"Jan-2012"	"computers & internet"	198
"Jan-2012"	"education"	44
"Jan-2012"	"food & drink"	71
"Jan-2012"	"grab bag"	38
"Jan-2012"	"health & fitness"	112
"Jan-2012"	"home & garden"	68
"Jan-2012"	"human relations"	120
"Jan-2012"	"law & government"	35
"Jan-2012"	"media & arts"	124
"Jan-2012"	"pets & animals"	30
"Jan-2012"	"religion & philosophy"	10
"Jan-2012"	"science & nature"	17
"Jan-2012"	"shopping"	31
"Jan-2012"	"society & culture"	37
"Jan-2012"	"sports, hobbies, & recreation"	56
"Jan-2012"	"technology"	82
"Jan-2012"	"travel & transportation"	93
"Jan-2012"	"work & money"	129
"Jan-2012"	"writing & language"	34
"Jan-2013"	"clothing, beauty, & fashion"	14
"Jan-2013"	"computers & internet"	80
"Jan-2013"	"education"	24
"Jan-2013"	"food & drink"	24
"Jan-2013"	"grab bag"	27
"Jan-2013"	"health & fitness"	46
"Jan-2013"	"home & garden"	36
"Jan-2013"	"human relations"	63
"Jan-2013"	"law & government"	16
"Jan-2013"	"media & arts"	66
"Jan-2013"	"pets & animals"	14
"Jan-2013"	"religion & philosophy"	4
"Jan-2013"	"science & nature"	8
"Jan-2013"	"shopping"	16
"Jan-2013"	"society & culture"	14
"Jan-2013"	"sports, hobbies, & recreation"	21
"Jan-2013"	"technology"	32
"Jan-2013"	"travel & transportation"	46
"Jan-2013"	"work & money"	73
"Jan-2013"	"writing & language"	18
"Jan-2014"	"clothing, beauty, & fashion"	20
"Jan-2014"	"computers & internet"	69
"Jan-2014"	"education"	27
"Jan-2014"	"food & drink"	31
"Jan-2014"	"grab bag"	24
"Jan-2014"	"health & fitness"	61
"Jan-2014"	"home & garden"	56
"Jan-2014"	"human relations"	67
"Jan-2014"	"law & government"	27
"Jan-2014"	"media & arts"	66
"Jan-2014"	"pets & animals"	14
"Jan-2014"	"religion & philosophy"	4
"Jan-2014"	"science & nature"	12
"Jan-2014"	"shopping"	18
"Jan-2014"	"society & culture"	19
"Jan-2014"	"sports, hobbies, & recreation"	25
"Jan-2014"	"technology"	53
"Jan-2014"	"travel & transportation"	54
"Jan-2014"	"work & money"	85
"Jan-2014"	"writing & language"	18
"Jul-2004"	"clothing, beauty, & fashion"	7
"Jul-2004"	"computers & internet"	225
"Jul-2004"	"education"	9
"Jul-2004"	"food & drink"	24
"Jul-2004"	"grab bag"	27
"Jul-2004"	"health & fitness"	30
"Jul-2004"	"home & garden"	29
"Jul-2004"	"human relations"	24
"Jul-2004"	"law & government"	24
"Jul-2004"	"media & arts"	71
"Jul-2004"	"pets & animals"	12
"Jul-2004"	"religion & philosophy"	2
"Jul-2004"	"science & nature"	17
"Jul-2004"	"shopping"	22
"Jul-2004"	"society & culture"	11
"Jul-2004"	"sports, hobbies, & recreation"	28
"Jul-2004"	"technology"	41
"Jul-2004"	"travel & transportation"	43
"Jul-2004"	"work & money"	26
"Jul-2004"	"writing & language"	19
"Jul-2005"	"clothing, beauty, & fashion"	28
"Jul-2005"	"computers & internet"	292
"Jul-2005"	"education"	22
"Jul-2005"	"food & drink"	41
"Jul-2005"	"grab bag"	39
"Jul-2005"	"health & fitness"	81
"Jul-2005"	"home & garden"	78
"Jul-2005"	"human relations"	47
"Jul-2005"	"law & government"	32
"Jul-2005"	"media & arts"	120
"Jul-2005"	"pets & animals"	18
"Jul-2005"	"religion & philosophy"	12
"Jul-2005"	"science & nature"	28
"Jul-2005"	"shopping"	29
"Jul-2005"	"society & culture"	32
"Jul-2005"	"sports, hobbies, & recreation"	43
"Jul-2005"	"technology"	78
"Jul-2005"	"travel & transportation"	84
"Jul-2005"	"work & money"	73
"Jul-2005"	"writing & language"	31
"Jul-2006"	"clothing, beauty, & fashion"	24
"Jul-2006"	"computers & internet"	204
"Jul-2006"	"education"	27
"Jul-2006"	"food & drink"	41
"Jul-2006"	"grab bag"	22
"Jul-2006"	"health & fitness"	77
"Jul-2006"	"home & garden"	43
"Jul-2006"	"human relations"	57
"Jul-2006"	"law & government"	25
"Jul-2006"	"media & arts"	74
"Jul-2006"	"pets & animals"	11
"Jul-2006"	"religion & philosophy"	11
"Jul-2006"	"science & nature"	27
"Jul-2006"	"shopping"	28
"Jul-2006"	"society & culture"	45
"Jul-2006"	"sports, hobbies, & recreation"	36
"Jul-2006"	"technology"	46
"Jul-2006"	"travel & transportation"	89
"Jul-2006"	"work & money"	58
"Jul-2006"	"writing & language"	22
"Jul-2007"	"clothing, beauty, & fashion"	24
"Jul-2007"	"computers & internet"	286
"Jul-2007"	"education"	35
"Jul-2007"	"food & drink"	66
"Jul-2007"	"grab bag"	49
"Jul-2007"	"health & fitness"	109
"Jul-2007"	"home & garden"	88
"Jul-2007"	"human relations"	71
"Jul-2007"	"law & government"	42
"Jul-2007"	"media & arts"	136
"Jul-2007"	"pets & animals"	33
"Jul-2007"	"religion & philosophy"	11
"Jul-2007"	"science & nature"	25
"Jul-2007"	"shopping"	36
"Jul-2007"	"society & culture"	38
"Jul-2007"	"sports, hobbies, & recreation"	61
"Jul-2007"	"technology"	71
"Jul-2007"	"travel & transportation"	130
"Jul-2007"	"work & money"	110
"Jul-2007"	"writing & language"	43
"Jul-2008"	"clothing, beauty, & fashion"	52
"Jul-2008"	"computers & internet"	305
"Jul-2008"	"education"	48
"Jul-2008"	"food & drink"	63
"Jul-2008"	"grab bag"	57
"Jul-2008"	"health & fitness"	129
"Jul-2008"	"home & garden"	103
"Jul-2008"	"human relations"	109
"Jul-2008"	"law & government"	56
"Jul-2008"	"media & arts"	165
"Jul-2008"	"pets & animals"	31
"Jul-2008"	"religion & philosophy"	15
"Jul-2008"	"science & nature"	37
"Jul-2008"	"shopping"	47
"Jul-2008"	"society & culture"	49
"Jul-2008"	"sports, hobbies, & recreation"	84
"Jul-2008"	"technology"	114
"Jul-2008"	"travel & transportation"	152
"Jul-2008"	"work & money"	136
"Jul-2008"	"writing & language"	53
"Jul-2009"	"clothing, beauty, & fashion"	54
"Jul-2009"	"computers & internet"	247
"Jul-2009"	"education"	41
"Jul-2009"	"food & drink"	67
"Jul-2009"	"grab bag"	60
"Jul-2009"	"health & fitness"	132
"Jul-2009"	"home & garden"	90
"Jul-2009"	"human relations"	105
"Jul-2009"	"law & government"	47
"Jul-2009"	"media & arts"	138
"Jul-2009"	"pets & animals"	38
"Jul-2009"	"religion & philosophy"	9
"Jul-2009"	"science & nature"	31
"Jul-2009"	"shopping"	25
"Jul-2009"	"society & culture"	40
"Jul-2009"	"sports, hobbies, & recreation"	64
"Jul-2009"	"technology"	95
"Jul-2009"	"travel & transportation"	134
"Jul-2009"	"work & money"	123
"Jul-2009"	"writing & language"	42
"Jul-2010"	"clothing, beauty, & fashion"	41
"Jul-2010"	"computers & internet"	194
"Jul-2010"	"education"	55
"Jul-2010"	"food & drink"	77
"Jul-2010"	"grab bag"	68
"Jul-2010"	"health & fitness"	142
"Jul-2010"	"home & garden"	106
"Jul-2010"	"human relations"	134
"Jul-2010"	"law & government"	45
"Jul-2010"	"media & arts"	139
"Jul-2010"	"pets & animals"	33
"Jul-2010"	"religion & philosophy"	11
"Jul-2010"	"science & nature"	36
"Jul-2010"	"shopping"	42
"Jul-2010"	"society & culture"	37
"Jul-2010"	"sports, hobbies, & recreation"	55
"Jul-2010"	"technology"	93
"Jul-2010"	"travel & transportation"	162
"Jul-2010"	"work & money"	110
"Jul-2010"	"writing & language"	49
"Jul-2011"	"clothing, beauty, & fashion"	11
"Jul-2011"	"computers & internet"	50
"Jul-2011"	"education"	6
"Jul-2011"	"food & drink"	21
"Jul-2011"	"grab bag"	14
"Jul-2011"	"health & fitness"	44
"Jul-2011"	"home & garden"	24
"Jul-2011"	"human relations"	49
"Jul-2011"	"law & government"	14
"Jul-2011"	"media & arts"	22
"Jul-2011"	"pets & animals"	10
"Jul-2011"	"religion & philosophy"	3
"Jul-2011"	"science & nature"	8
"Jul-2011"	"shopping"	6
"Jul-2011"	"society & culture"	12
"Jul-2011"	"sports, hobbies, & recreation"	17
"Jul-2011"	"technology"	29
"Jul-2011"	"travel & transportation"	37
"Jul-2011"	"work & money"	41
"Jul-2011"	"writing & language"	8
"Jul-2012"	"clothing, beauty, & fashion"	26
"Jul-2012"	"computers & internet"	97
"Jul-2012"	"education"	26
"Jul-2012"	"food & drink"	37
"Jul-2012"	"grab bag"	30
"Jul-2012"	"health & fitness"	70
"Jul-2012"	"home & garden"	54
"Jul-2012"	"human relations"	102
"Jul-2012"	"law & government"	29
"Jul-2012"	"media & arts"	96
"Jul-2012"	"pets & animals"	22
"Jul-2012"	"religion & philosophy"	7
"Jul-2012"	"science & nature"	18
"Jul-2012"	"shopping"	18
"Jul-2012"	"society & culture"	28
"Jul-2012"	"sports, hobbies, & recreation"	33
"Jul-2012"	"technology"	49
"Jul-2012"	"travel & transportation"	69
"Jul-2012"	"work & money"	83
"Jul-2012"	"writing & language"	25
"Jul-2013"	"clothing, beauty, & fashion"	31
"Jul-2013"	"computers & internet"	111
"Jul-2013"	"education"	32
"Jul-2013"	"food & drink"	48
"Jul-2013"	"grab bag"	38
"Jul-2013"	"health & fitness"	94
"Jul-2013"	"home & garden"	69
"Jul-2013"	"human relations"	93
"Jul-2013"	"law & government"	24
"Jul-2013"	"media & arts"	96
"Jul-2013"	"pets & animals"	29
"Jul-2013"	"religion & philosophy"	6
"Jul-2013"	"science & nature"	26
"Jul-2013"	"shopping"	21
"Jul-2013"	"society & culture"	35
"Jul-2013"	"sports, hobbies, & recreation"	39
"Jul-2013"	"technology"	48
"Jul-2013"	"travel & transportation"	84
"Jul-2013"	"work & money"	88
"Jul-2013"	"writing & language"	21
"Jul-2014"	"clothing, beauty, & fashion"	19
"Jul-2014"	"computers & internet"	59
"Jul-2014"	"education"	12
"Jul-2014"	"food & drink"	29
"Jul-2014"	"grab bag"	25
"Jul-2014"	"health & fitness"	51
"Jul-2014"	"home & garden"	51
"Jul-2014"	"human relations"	52
"Jul-2014"	"law & government"	16
"Jul-2014"	"media & arts"	54
"Jul-2014"	"pets & animals"	10
"Jul-2014"	"religion & philosophy"	2
"Jul-2014"	"science & nature"	7
"Jul-2014"	"shopping"	15
"Jul-2014"	"society & culture"	12
"Jul-2014"	"sports, hobbies, & recreation"	15
"Jul-2014"	"technology"	14
"Jul-2014"	"travel & transportation"	62
"Jul-2014"	"work & money"	38
"Jul-2014"	"writing & language"	19
"Jun-2004"	"clothing, beauty, & fashion"	3
"Jun-2004"	"computers & internet"	250
"Jun-2004"	"education"	14
"Jun-2004"	"food & drink"	25
"Jun-2004"	"grab bag"	38
"Jun-2004"	"health & fitness"	39
"Jun-2004"	"home & garden"	30
"Jun-2004"	"human relations"	10
"Jun-2004"	"law & government"	25
"Jun-2004"	"media & arts"	47
"Jun-2004"	"pets & animals"	15
"Jun-2004"	"religion & philosophy"	7
"Jun-2004"	"science & nature"	9
"Jun-2004"	"shopping"	20
"Jun-2004"	"society & culture"	20
"Jun-2004"	"sports, hobbies, & recreation"	22
"Jun-2004"	"technology"	35
"Jun-2004"	"travel & transportation"	46
"Jun-2004"	"work & money"	28
"Jun-2004"	"writing & language"	11
"Jun-2005"	"clothing, beauty, & fashion"	15
"Jun-2005"	"computers & internet"	162
"Jun-2005"	"education"	22
"Jun-2005"	"food & drink"	20
"Jun-2005"	"grab bag"	21
"Jun-2005"	"health & fitness"	44
"Jun-2005"	"home & garden"	49
"Jun-2005"	"human relations"	27
"Jun-2005"	"law & government"	18
"Jun-2005"	"media & arts"	65
"Jun-2005"	"pets & animals"	10
"Jun-2005"	"religion & philosophy"	8
"Jun-2005"	"science & nature"	18
"Jun-2005"	"shopping"	15
"Jun-2005"	"society & culture"	25
"Jun-2005"	"sports, hobbies, & recreation"	23
"Jun-2005"	"technology"	60
"Jun-2005"	"travel & transportation"	44
"Jun-2005"	"work & money"	36
"Jun-2005"	"writing & language"	18
"Jun-2006"	"clothing, beauty, & fashion"	21
"Jun-2006"	"computers & internet"	161
"Jun-2006"	"education"	11
"Jun-2006"	"food & drink"	13
"Jun-2006"	"grab bag"	22
"Jun-2006"	"health & fitness"	52
"Jun-2006"	"home & garden"	37
"Jun-2006"	"human relations"	38
"Jun-2006"	"law & government"	26
"Jun-2006"	"media & arts"	54
"Jun-2006"	"pets & animals"	9
"Jun-2006"	"religion & philosophy"	3
"Jun-2006"	"science & nature"	19
"Jun-2006"	"shopping"	16
"Jun-2006"	"society & culture"	23
"Jun-2006"	"sports, hobbies, & recreation"	24
"Jun-2006"	"technology"	40
"Jun-2006"	"travel & transportation"	61
"Jun-2006"	"work & money"	54
"Jun-2006"	"writing & language"	15
"Jun-2007"	"clothing, beauty, & fashion"	29
"Jun-2007"	"computers & internet"	281
"Jun-2007"	"education"	38
"Jun-2007"	"food & drink"	51
"Jun-2007"	"grab bag"	36
"Jun-2007"	"health & fitness"	111
"Jun-2007"	"home & garden"	81
"Jun-2007"	"human relations"	80
"Jun-2007"	"law & government"	38
"Jun-2007"	"media & arts"	109
"Jun-2007"	"pets & animals"	23
"Jun-2007"	"religion & philosophy"	11
"Jun-2007"	"science & nature"	27
"Jun-2007"	"shopping"	37
"Jun-2007"	"society & culture"	32
"Jun-2007"	"sports, hobbies, & recreation"	57
"Jun-2007"	"technology"	73
"Jun-2007"	"travel & transportation"	111
"Jun-2007"	"work & money"	96
"Jun-2007"	"writing & language"	35
"Jun-2008"	"clothing, beauty, & fashion"	34
"Jun-2008"	"computers & internet"	216
"Jun-2008"	"education"	29
"Jun-2008"	"food & drink"	64
"Jun-2008"	"grab bag"	44
"Jun-2008"	"health & fitness"	77
"Jun-2008"	"home & garden"	65
"Jun-2008"	"human relations"	59
"Jun-2008"	"law & government"	29
"Jun-2008"	"media & arts"	83
"Jun-2008"	"pets & animals"	35
"Jun-2008"	"religion & philosophy"	6
"Jun-2008"	"science & nature"	21
"Jun-2008"	"shopping"	31
"Jun-2008"	"society & culture"	29
"Jun-2008"	"sports, hobbies, & recreation"	45
"Jun-2008"	"technology"	75
"Jun-2008"	"travel & transportation"	97
"Jun-2008"	"work & money"	68
"Jun-2008"	"writing & language"	36
"Jun-2009"	"clothing, beauty, & fashion"	88
"Jun-2009"	"computers & internet"	350
"Jun-2009"	"education"	77
"Jun-2009"	"food & drink"	102
"Jun-2009"	"grab bag"	91
"Jun-2009"	"health & fitness"	168
"Jun-2009"	"home & garden"	144
"Jun-2009"	"human relations"	148
"Jun-2009"	"law & government"	81
"Jun-2009"	"media & arts"	216
"Jun-2009"	"pets & animals"	54
"Jun-2009"	"religion & philosophy"	18
"Jun-2009"	"science & nature"	39
"Jun-2009"	"shopping"	70
"Jun-2009"	"society & culture"	56
"Jun-2009"	"sports, hobbies, & recreation"	101
"Jun-2009"	"technology"	149
"Jun-2009"	"travel & transportation"	198
"Jun-2009"	"work & money"	182
"Jun-2009"	"writing & language"	64
"Jun-2010"	"clothing, beauty, & fashion"	19
"Jun-2010"	"computers & internet"	73
"Jun-2010"	"education"	16
"Jun-2010"	"food & drink"	19
"Jun-2010"	"grab bag"	24
"Jun-2010"	"health & fitness"	43
"Jun-2010"	"home & garden"	38
"Jun-2010"	"human relations"	45
"Jun-2010"	"law & government"	12
"Jun-2010"	"media & arts"	53
"Jun-2010"	"pets & animals"	16
"Jun-2010"	"religion & philosophy"	3
"Jun-2010"	"science & nature"	15
"Jun-2010"	"shopping"	11
"Jun-2010"	"society & culture"	15
"Jun-2010"	"sports, hobbies, & recreation"	31
"Jun-2010"	"technology"	46
"Jun-2010"	"travel & transportation"	49
"Jun-2010"	"work & money"	35
"Jun-2010"	"writing & language"	21
"Jun-2011"	"clothing, beauty, & fashion"	24
"Jun-2011"	"computers & internet"	125
"Jun-2011"	"education"	32
"Jun-2011"	"food & drink"	53
"Jun-2011"	"grab bag"	43
"Jun-2011"	"health & fitness"	92
"Jun-2011"	"home & garden"	64
"Jun-2011"	"human relations"	94
"Jun-2011"	"law & government"	27
"Jun-2011"	"media & arts"	91
"Jun-2011"	"pets & animals"	20
"Jun-2011"	"religion & philosophy"	2
"Jun-2011"	"science & nature"	12
"Jun-2011"	"shopping"	23
"Jun-2011"	"society & culture"	35
"Jun-2011"	"sports, hobbies, & recreation"	47
"Jun-2011"	"technology"	52
"Jun-2011"	"travel & transportation"	101
"Jun-2011"	"work & money"	103
"Jun-2011"	"writing & language"	35
"Jun-2012"	"clothing, beauty, & fashion"	65
"Jun-2012"	"computers & internet"	198
"Jun-2012"	"education"	46
"Jun-2012"	"food & drink"	80
"Jun-2012"	"grab bag"	71
"Jun-2012"	"health & fitness"	163
"Jun-2012"	"home & garden"	135
"Jun-2012"	"human relations"	236
"Jun-2012"	"law & government"	55
"Jun-2012"	"media & arts"	175
"Jun-2012"	"pets & animals"	44
"Jun-2012"	"religion & philosophy"	12
"Jun-2012"	"science & nature"	52
"Jun-2012"	"shopping"	38
"Jun-2012"	"society & culture"	45
"Jun-2012"	"sports, hobbies, & recreation"	70
"Jun-2012"	"technology"	91
"Jun-2012"	"travel & transportation"	153
"Jun-2012"	"work & money"	166
"Jun-2012"	"writing & language"	51
"Jun-2013"	"clothing, beauty, & fashion"	33
"Jun-2013"	"computers & internet"	103
"Jun-2013"	"education"	25
"Jun-2013"	"food & drink"	56
"Jun-2013"	"grab bag"	45
"Jun-2013"	"health & fitness"	69
"Jun-2013"	"home & garden"	53
"Jun-2013"	"human relations"	85
"Jun-2013"	"law & government"	21
"Jun-2013"	"media & arts"	81
"Jun-2013"	"pets & animals"	30
"Jun-2013"	"religion & philosophy"	6
"Jun-2013"	"science & nature"	17
"Jun-2013"	"shopping"	19
"Jun-2013"	"society & culture"	33
"Jun-2013"	"sports, hobbies, & recreation"	26
"Jun-2013"	"technology"	48
"Jun-2013"	"travel & transportation"	66
"Jun-2013"	"work & money"	87
"Jun-2013"	"writing & language"	34
"Jun-2014"	"clothing, beauty, & fashion"	41
"Jun-2014"	"computers & internet"	100
"Jun-2014"	"education"	31
"Jun-2014"	"food & drink"	64
"Jun-2014"	"grab bag"	49
"Jun-2014"	"health & fitness"	106
"Jun-2014"	"home & garden"	96
"Jun-2014"	"human relations"	122
"Jun-2014"	"law & government"	37
"Jun-2014"	"media & arts"	113
"Jun-2014"	"pets & animals"	24
"Jun-2014"	"religion & philosophy"	4
"Jun-2014"	"science & nature"	21
"Jun-2014"	"shopping"	27
"Jun-2014"	"society & culture"	35
"Jun-2014"	"sports, hobbies, & recreation"	39
"Jun-2014"	"technology"	40
"Jun-2014"	"travel & transportation"	101
"Jun-2014"	"work & money"	119
"Jun-2014"	"writing & language"	30
"Mar-2004"	"clothing, beauty, & fashion"	3
"Mar-2004"	"computers & internet"	99
"Mar-2004"	"education"	3
"Mar-2004"	"food & drink"	10
"Mar-2004"	"grab bag"	8
"Mar-2004"	"health & fitness"	15
"Mar-2004"	"home & garden"	9
"Mar-2004"	"human relations"	4
"Mar-2004"	"law & government"	4
"Mar-2004"	"media & arts"	19
"Mar-2004"	"pets & animals"	3
"Mar-2004"	"religion & philosophy"	4
"Mar-2004"	"science & nature"	4
"Mar-2004"	"shopping"	11
"Mar-2004"	"society & culture"	3
"Mar-2004"	"sports, hobbies, & recreation"	5
"Mar-2004"	"technology"	17
"Mar-2004"	"travel & transportation"	12
"Mar-2004"	"work & money"	10
"Mar-2004"	"writing & language"	5
"Mar-2005"	"clothing, beauty, & fashion"	22
"Mar-2005"	"computers & internet"	202
"Mar-2005"	"education"	14
"Mar-2005"	"food & drink"	26
"Mar-2005"	"grab bag"	17
"Mar-2005"	"health & fitness"	51
"Mar-2005"	"home & garden"	26
"Mar-2005"	"human relations"	14
"Mar-2005"	"law & government"	19
"Mar-2005"	"media & arts"	109
"Mar-2005"	"pets & animals"	11
"Mar-2005"	"religion & philosophy"	4
"Mar-2005"	"science & nature"	13
"Mar-2005"	"shopping"	23
"Mar-2005"	"society & culture"	33
"Mar-2005"	"sports, hobbies, & recreation"	37
"Mar-2005"	"technology"	59
"Mar-2005"	"travel & transportation"	46
"Mar-2005"	"work & money"	47
"Mar-2005"	"writing & language"	31
"Mar-2006"	"clothing, beauty, & fashion"	15
"Mar-2006"	"computers & internet"	149
"Mar-2006"	"education"	15
"Mar-2006"	"food & drink"	19
"Mar-2006"	"grab bag"	18
"Mar-2006"	"health & fitness"	35
"Mar-2006"	"home & garden"	23
"Mar-2006"	"human relations"	23
"Mar-2006"	"law & government"	9
"Mar-2006"	"media & arts"	60
"Mar-2006"	"pets & animals"	9
"Mar-2006"	"religion & philosophy"	8
"Mar-2006"	"science & nature"	17
"Mar-2006"	"shopping"	11
"Mar-2006"	"society & culture"	26
"Mar-2006"	"sports, hobbies, & recreation"	22
"Mar-2006"	"technology"	27
"Mar-2006"	"travel & transportation"	32
"Mar-2006"	"work & money"	56
"Mar-2006"	"writing & language"	21
"Mar-2007"	"clothing, beauty, & fashion"	25
"Mar-2007"	"computers & internet"	205
"Mar-2007"	"education"	37
"Mar-2007"	"food & drink"	43
"Mar-2007"	"grab bag"	23
"Mar-2007"	"health & fitness"	79
"Mar-2007"	"home & garden"	53
"Mar-2007"	"human relations"	56
"Mar-2007"	"law & government"	36
"Mar-2007"	"media & arts"	82
"Mar-2007"	"pets & animals"	10
"Mar-2007"	"religion & philosophy"	16
"Mar-2007"	"science & nature"	21
"Mar-2007"	"shopping"	21
"Mar-2007"	"society & culture"	30
"Mar-2007"	"sports, hobbies, & recreation"	26
"Mar-2007"	"technology"	61
"Mar-2007"	"travel & transportation"	77
"Mar-2007"	"work & money"	65
"Mar-2007"	"writing & language"	34
"Mar-2008"	"clothing, beauty, & fashion"	27
"Mar-2008"	"computers & internet"	187
"Mar-2008"	"education"	26
"Mar-2008"	"food & drink"	35
"Mar-2008"	"grab bag"	37
"Mar-2008"	"health & fitness"	56
"Mar-2008"	"home & garden"	34
"Mar-2008"	"human relations"	51
"Mar-2008"	"law & government"	22
"Mar-2008"	"media & arts"	95
"Mar-2008"	"pets & animals"	11
"Mar-2008"	"religion & philosophy"	6
"Mar-2008"	"science & nature"	20
"Mar-2008"	"shopping"	17
"Mar-2008"	"society & culture"	24
"Mar-2008"	"sports, hobbies, & recreation"	46
"Mar-2008"	"technology"	51
"Mar-2008"	"travel & transportation"	58
"Mar-2008"	"work & money"	71
"Mar-2008"	"writing & language"	26
"Mar-2009"	"clothing, beauty, & fashion"	36
"Mar-2009"	"computers & internet"	223
"Mar-2009"	"education"	38
"Mar-2009"	"food & drink"	54
"Mar-2009"	"grab bag"	50
"Mar-2009"	"health & fitness"	93
"Mar-2009"	"home & garden"	85
"Mar-2009"	"human relations"	93
"Mar-2009"	"law & government"	40
"Mar-2009"	"media & arts"	124
"Mar-2009"	"pets & animals"	23
"Mar-2009"	"religion & philosophy"	6
"Mar-2009"	"science & nature"	24
"Mar-2009"	"shopping"	24
"Mar-2009"	"society & culture"	24
"Mar-2009"	"sports, hobbies, & recreation"	42
"Mar-2009"	"technology"	84
"Mar-2009"	"travel & transportation"	74
"Mar-2009"	"work & money"	140
"Mar-2009"	"writing & language"	30
"Mar-2010"	"clothing, beauty, & fashion"	52
"Mar-2010"	"computers & internet"	289
"Mar-2010"	"education"	64
"Mar-2010"	"food & drink"	106
"Mar-2010"	"grab bag"	74
"Mar-2010"	"health & fitness"	159
"Mar-2010"	"home & garden"	92
"Mar-2010"	"human relations"	156
"Mar-2010"	"law & government"	64
"Mar-2010"	"media & arts"	172
"Mar-2010"	"pets & animals"	32
"Mar-2010"	"religion & philosophy"	18
"Mar-2010"	"science & nature"	34
"Mar-2010"	"shopping"	31
"Mar-2010"	"society & culture"	65
"Mar-2010"	"sports, hobbies, & recreation"	84
"Mar-2010"	"technology"	105
"Mar-2010"	"travel & transportation"	136
"Mar-2010"	"work & money"	157
"Mar-2010"	"writing & language"	50
"Mar-2011"	"clothing, beauty, & fashion"	32
"Mar-2011"	"computers & internet"	123
"Mar-2011"	"education"	36
"Mar-2011"	"food & drink"	38
"Mar-2011"	"grab bag"	31
"Mar-2011"	"health & fitness"	64
"Mar-2011"	"home & garden"	42
"Mar-2011"	"human relations"	58
"Mar-2011"	"law & government"	22
"Mar-2011"	"media & arts"	74
"Mar-2011"	"pets & animals"	18
"Mar-2011"	"religion & philosophy"	10
"Mar-2011"	"science & nature"	19
"Mar-2011"	"shopping"	21
"Mar-2011"	"society & culture"	30
"Mar-2011"	"sports, hobbies, & recreation"	28
"Mar-2011"	"technology"	50
"Mar-2011"	"travel & transportation"	62
"Mar-2011"	"work & money"	59
"Mar-2011"	"writing & language"	17
"Mar-2012"	"clothing, beauty, & fashion"	27
"Mar-2012"	"computers & internet"	108
"Mar-2012"	"education"	39
"Mar-2012"	"food & drink"	40
"Mar-2012"	"grab bag"	29
"Mar-2012"	"health & fitness"	74
"Mar-2012"	"home & garden"	47
"Mar-2012"	"human relations"	88
"Mar-2012"	"law & government"	19
"Mar-2012"	"media & arts"	70
"Mar-2012"	"pets & animals"	16
"Mar-2012"	"religion & philosophy"	7
"Mar-2012"	"science & nature"	5
"Mar-2012"	"shopping"	19
"Mar-2012"	"society & culture"	21
"Mar-2012"	"sports, hobbies, & recreation"	19
"Mar-2012"	"technology"	34
"Mar-2012"	"travel & transportation"	49
"Mar-2012"	"work & money"	76
"Mar-2012"	"writing & language"	23
"Mar-2013"	"clothing, beauty, & fashion"	56
"Mar-2013"	"computers & internet"	181
"Mar-2013"	"education"	45
"Mar-2013"	"food & drink"	71
"Mar-2013"	"grab bag"	50
"Mar-2013"	"health & fitness"	135
"Mar-2013"	"home & garden"	91
"Mar-2013"	"human relations"	208
"Mar-2013"	"law & government"	53
"Mar-2013"	"media & arts"	166
"Mar-2013"	"pets & animals"	34
"Mar-2013"	"religion & philosophy"	8
"Mar-2013"	"science & nature"	21
"Mar-2013"	"shopping"	31
"Mar-2013"	"society & culture"	49
"Mar-2013"	"sports, hobbies, & recreation"	47
"Mar-2013"	"technology"	90
"Mar-2013"	"travel & transportation"	127
"Mar-2013"	"work & money"	164
"Mar-2013"	"writing & language"	60
"Mar-2014"	"clothing, beauty, & fashion"	25
"Mar-2014"	"computers & internet"	71
"Mar-2014"	"education"	16
"Mar-2014"	"food & drink"	39
"Mar-2014"	"grab bag"	33
"Mar-2014"	"health & fitness"	48
"Mar-2014"	"home & garden"	38
"Mar-2014"	"human relations"	64
"Mar-2014"	"law & government"	31
"Mar-2014"	"media & arts"	75
"Mar-2014"	"pets & animals"	9
"Mar-2014"	"religion & philosophy"	3
"Mar-2014"	"science & nature"	10
"Mar-2014"	"shopping"	15
"Mar-2014"	"society & culture"	22
"Mar-2014"	"sports, hobbies, & recreation"	19
"Mar-2014"	"technology"	31
"Mar-2014"	"travel & transportation"	57
"Mar-2014"	"work & money"	72
"Mar-2014"	"writing & language"	21
"May-2004"	"clothing, beauty, & fashion"	8
"May-2004"	"computers & internet"	187
"May-2004"	"education"	10
"May-2004"	"food & drink"	14
"May-2004"	"grab bag"	18
"May-2004"	"health & fitness"	24
"May-2004"	"home & garden"	32
"May-2004"	"human relations"	14
"May-2004"	"law & government"	22
"May-2004"	"media & arts"	73
"May-2004"	"pets & animals"	11
"May-2004"	"religion & philosophy"	1
"May-2004"	"science & nature"	13
"May-2004"	"shopping"	21
"May-2004"	"society & culture"	16
"May-2004"	"sports, hobbies, & recreation"	21
"May-2004"	"technology"	23
"May-2004"	"travel & transportation"	44
"May-2004"	"work & money"	33
"May-2004"	"writing & language"	26
"May-2005"	"clothing, beauty, & fashion"	36
"May-2005"	"computers & internet"	261
"May-2005"	"education"	29
"May-2005"	"food & drink"	31
"May-2005"	"grab bag"	24
"May-2005"	"health & fitness"	72
"May-2005"	"home & garden"	64
"May-2005"	"human relations"	60
"May-2005"	"law & government"	29
"May-2005"	"media & arts"	122
"May-2005"	"pets & animals"	21
"May-2005"	"religion & philosophy"	4
"May-2005"	"science & nature"	23
"May-2005"	"shopping"	29
"May-2005"	"society & culture"	39
"May-2005"	"sports, hobbies, & recreation"	47
"May-2005"	"technology"	73
"May-2005"	"travel & transportation"	94
"May-2005"	"work & money"	55
"May-2005"	"writing & language"	36
"May-2006"	"clothing, beauty, & fashion"	6
"May-2006"	"computers & internet"	65
"May-2006"	"education"	6
"May-2006"	"food & drink"	9
"May-2006"	"grab bag"	13
"May-2006"	"health & fitness"	21
"May-2006"	"home & garden"	18
"May-2006"	"human relations"	18
"May-2006"	"law & government"	7
"May-2006"	"media & arts"	37
"May-2006"	"pets & animals"	4
"May-2006"	"religion & philosophy"	3
"May-2006"	"science & nature"	8
"May-2006"	"shopping"	4
"May-2006"	"society & culture"	6
"May-2006"	"sports, hobbies, & recreation"	12
"May-2006"	"technology"	14
"May-2006"	"travel & transportation"	17
"May-2006"	"work & money"	16
"May-2006"	"writing & language"	11
"May-2007"	"clothing, beauty, & fashion"	30
"May-2007"	"computers & internet"	251
"May-2007"	"education"	47
"May-2007"	"food & drink"	43
"May-2007"	"grab bag"	51
"May-2007"	"health & fitness"	101
"May-2007"	"home & garden"	71
"May-2007"	"human relations"	78
"May-2007"	"law & government"	41
"May-2007"	"media & arts"	141
"May-2007"	"pets & animals"	24
"May-2007"	"religion & philosophy"	9
"May-2007"	"science & nature"	28
"May-2007"	"shopping"	24
"May-2007"	"society & culture"	51
"May-2007"	"sports, hobbies, & recreation"	49
"May-2007"	"technology"	68
"May-2007"	"travel & transportation"	105
"May-2007"	"work & money"	109
"May-2007"	"writing & language"	40
"May-2008"	"clothing, beauty, & fashion"	48
"May-2008"	"computers & internet"	359
"May-2008"	"education"	57
"May-2008"	"food & drink"	82
"May-2008"	"grab bag"	61
"May-2008"	"health & fitness"	117
"May-2008"	"home & garden"	86
"May-2008"	"human relations"	115
"May-2008"	"law & government"	46
"May-2008"	"media & arts"	156
"May-2008"	"pets & animals"	33
"May-2008"	"religion & philosophy"	15
"May-2008"	"science & nature"	28
"May-2008"	"shopping"	37
"May-2008"	"society & culture"	57
"May-2008"	"sports, hobbies, & recreation"	79
"May-2008"	"technology"	105
"May-2008"	"travel & transportation"	168
"May-2008"	"work & money"	137
"May-2008"	"writing & language"	49
"May-2009"	"clothing, beauty, & fashion"	23
"May-2009"	"computers & internet"	219
"May-2009"	"education"	41
"May-2009"	"food & drink"	81
"May-2009"	"grab bag"	42
"May-2009"	"health & fitness"	93
"May-2009"	"home & garden"	73
"May-2009"	"human relations"	79
"May-2009"	"law & government"	32
"May-2009"	"media & arts"	144
"May-2009"	"pets & animals"	22
"May-2009"	"religion & philosophy"	10
"May-2009"	"science & nature"	22
"May-2009"	"shopping"	21
"May-2009"	"society & culture"	31
"May-2009"	"sports, hobbies, & recreation"	68
"May-2009"	"technology"	69
"May-2009"	"travel & transportation"	126
"May-2009"	"work & money"	114
"May-2009"	"writing & language"	42
"May-2010"	"clothing, beauty, & fashion"	35
"May-2010"	"computers & internet"	187
"May-2010"	"education"	63
"May-2010"	"food & drink"	63
"May-2010"	"grab bag"	58
"May-2010"	"health & fitness"	101
"May-2010"	"home & garden"	77
"May-2010"	"human relations"	96
"May-2010"	"law & government"	36
"May-2010"	"media & arts"	127
"May-2010"	"pets & animals"	33
"May-2010"	"religion & philosophy"	4
"May-2010"	"science & nature"	26
"May-2010"	"shopping"	29
"May-2010"	"society & culture"	31
"May-2010"	"sports, hobbies, & recreation"	40
"May-2010"	"technology"	65
"May-2010"	"travel & transportation"	107
"May-2010"	"work & money"	103
"May-2010"	"writing & language"	43
"May-2011"	"clothing, beauty, & fashion"	29
"May-2011"	"computers & internet"	132
"May-2011"	"education"	30
"May-2011"	"food & drink"	49
"May-2011"	"grab bag"	36
"May-2011"	"health & fitness"	92
"May-2011"	"home & garden"	73
"May-2011"	"human relations"	81
"May-2011"	"law & government"	12
"May-2011"	"media & arts"	110
"May-2011"	"pets & animals"	28
"May-2011"	"religion & philosophy"	5
"May-2011"	"science & nature"	25
"May-2011"	"shopping"	11
"May-2011"	"society & culture"	31
"May-2011"	"sports, hobbies, & recreation"	40
"May-2011"	"technology"	55
"May-2011"	"travel & transportation"	83
"May-2011"	"work & money"	67
"May-2011"	"writing & language"	27
"May-2012"	"clothing, beauty, & fashion"	42
"May-2012"	"computers & internet"	183
"May-2012"	"education"	50
"May-2012"	"food & drink"	62
"May-2012"	"grab bag"	65
"May-2012"	"health & fitness"	109
"May-2012"	"home & garden"	92
"May-2012"	"human relations"	142
"May-2012"	"law & government"	42
"May-2012"	"media & arts"	124
"May-2012"	"pets & animals"	26
"May-2012"	"religion & philosophy"	6
"May-2012"	"science & nature"	34
"May-2012"	"shopping"	41
"May-2012"	"society & culture"	30
"May-2012"	"sports, hobbies, & recreation"	48
"May-2012"	"technology"	83
"May-2012"	"travel & transportation"	107
"May-2012"	"work & money"	137
"May-2012"	"writing & language"	31
"May-2013"	"clothing, beauty, & fashion"	36
"May-2013"	"computers & internet"	87
"May-2013"	"education"	28
"May-2013"	"food & drink"	51
"May-2013"	"grab bag"	40
"May-2013"	"health & fitness"	96
"May-2013"	"home & garden"	70
"May-2013"	"human relations"	119
"May-2013"	"law & government"	27
"May-2013"	"media & arts"	87
"May-2013"	"pets & animals"	22
"May-2013"	"religion & philosophy"	6
"May-2013"	"science & nature"	21
"May-2013"	"shopping"	14
"May-2013"	"society & culture"	28
"May-2013"	"sports, hobbies, & recreation"	25
"May-2013"	"technology"	53
"May-2013"	"travel & transportation"	90
"May-2013"	"work & money"	91
"May-2013"	"writing & language"	35
"May-2014"	"clothing, beauty, & fashion"	45
"May-2014"	"computers & internet"	144
"May-2014"	"education"	42
"May-2014"	"food & drink"	73
"May-2014"	"grab bag"	52
"May-2014"	"health & fitness"	130
"May-2014"	"home & garden"	90
"May-2014"	"human relations"	169
"May-2014"	"law & government"	47
"May-2014"	"media & arts"	160
"May-2014"	"pets & animals"	26
"May-2014"	"religion & philosophy"	7
"May-2014"	"science & nature"	30
"May-2014"	"shopping"	45
"May-2014"	"society & culture"	45
"May-2014"	"sports, hobbies, & recreation"	45
"May-2014"	"technology"	59
"May-2014"	"travel & transportation"	118
"May-2014"	"work & money"	129
"May-2014"	"writing & language"	53
"Nov-2004"	"clothing, beauty, & fashion"	19
"Nov-2004"	"computers & internet"	240
"Nov-2004"	"education"	20
"Nov-2004"	"food & drink"	37
"Nov-2004"	"grab bag"	34
"Nov-2004"	"health & fitness"	54
"Nov-2004"	"home & garden"	27
"Nov-2004"	"human relations"	41
"Nov-2004"	"law & government"	41
"Nov-2004"	"media & arts"	97
"Nov-2004"	"pets & animals"	9
"Nov-2004"	"religion & philosophy"	11
"Nov-2004"	"science & nature"	10
"Nov-2004"	"shopping"	49
"Nov-2004"	"society & culture"	36
"Nov-2004"	"sports, hobbies, & recreation"	23
"Nov-2004"	"technology"	45
"Nov-2004"	"travel & transportation"	49
"Nov-2004"	"work & money"	63
"Nov-2004"	"writing & language"	30
"Nov-2005"	"clothing, beauty, & fashion"	12
"Nov-2005"	"computers & internet"	123
"Nov-2005"	"education"	8
"Nov-2005"	"food & drink"	22
"Nov-2005"	"grab bag"	14
"Nov-2005"	"health & fitness"	35
"Nov-2005"	"home & garden"	20
"Nov-2005"	"human relations"	30
"Nov-2005"	"law & government"	13
"Nov-2005"	"media & arts"	51
"Nov-2005"	"pets & animals"	8
"Nov-2005"	"religion & philosophy"	8
"Nov-2005"	"science & nature"	13
"Nov-2005"	"shopping"	9
"Nov-2005"	"society & culture"	16
"Nov-2005"	"sports, hobbies, & recreation"	16
"Nov-2005"	"technology"	37
"Nov-2005"	"travel & transportation"	31
"Nov-2005"	"work & money"	28
"Nov-2005"	"writing & language"	18
"Nov-2007"	"clothing, beauty, & fashion"	18
"Nov-2007"	"computers & internet"	146
"Nov-2007"	"education"	25
"Nov-2007"	"food & drink"	46
"Nov-2007"	"grab bag"	27
"Nov-2007"	"health & fitness"	48
"Nov-2007"	"home & garden"	35
"Nov-2007"	"human relations"	34
"Nov-2007"	"law & government"	30
"Nov-2007"	"media & arts"	57
"Nov-2007"	"pets & animals"	20
"Nov-2007"	"religion & philosophy"	5
"Nov-2007"	"science & nature"	15
"Nov-2007"	"shopping"	24
"Nov-2007"	"society & culture"	18
"Nov-2007"	"sports, hobbies, & recreation"	33
"Nov-2007"	"technology"	66
"Nov-2007"	"travel & transportation"	39
"Nov-2007"	"work & money"	51
"Nov-2007"	"writing & language"	19
"Nov-2008"	"clothing, beauty, & fashion"	34
"Nov-2008"	"computers & internet"	245
"Nov-2008"	"education"	36
"Nov-2008"	"food & drink"	68
"Nov-2008"	"grab bag"	51
"Nov-2008"	"health & fitness"	75
"Nov-2008"	"home & garden"	51
"Nov-2008"	"human relations"	88
"Nov-2008"	"law & government"	56
"Nov-2008"	"media & arts"	123
"Nov-2008"	"pets & animals"	27
"Nov-2008"	"religion & philosophy"	12
"Nov-2008"	"science & nature"	26
"Nov-2008"	"shopping"	50
"Nov-2008"	"society & culture"	51
"Nov-2008"	"sports, hobbies, & recreation"	45
"Nov-2008"	"technology"	64
"Nov-2008"	"travel & transportation"	81
"Nov-2008"	"work & money"	95
"Nov-2008"	"writing & language"	49
"Nov-2009"	"clothing, beauty, & fashion"	38
"Nov-2009"	"computers & internet"	209
"Nov-2009"	"education"	47
"Nov-2009"	"food & drink"	71
"Nov-2009"	"grab bag"	36
"Nov-2009"	"health & fitness"	95
"Nov-2009"	"home & garden"	59
"Nov-2009"	"human relations"	112
"Nov-2009"	"law & government"	40
"Nov-2009"	"media & arts"	93
"Nov-2009"	"pets & animals"	16
"Nov-2009"	"religion & philosophy"	5
"Nov-2009"	"science & nature"	30
"Nov-2009"	"shopping"	38
"Nov-2009"	"society & culture"	34
"Nov-2009"	"sports, hobbies, & recreation"	45
"Nov-2009"	"technology"	62
"Nov-2009"	"travel & transportation"	66
"Nov-2009"	"work & money"	97
"Nov-2009"	"writing & language"	35
"Nov-2010"	"clothing, beauty, & fashion"	44
"Nov-2010"	"computers & internet"	189
"Nov-2010"	"education"	48
"Nov-2010"	"food & drink"	73
"Nov-2010"	"grab bag"	44
"Nov-2010"	"health & fitness"	131
"Nov-2010"	"home & garden"	76
"Nov-2010"	"human relations"	118
"Nov-2010"	"law & government"	37
"Nov-2010"	"media & arts"	143
"Nov-2010"	"pets & animals"	18
"Nov-2010"	"religion & philosophy"	5
"Nov-2010"	"science & nature"	29
"Nov-2010"	"shopping"	39
"Nov-2010"	"society & culture"	37
"Nov-2010"	"sports, hobbies, & recreation"	43
"Nov-2010"	"technology"	84
"Nov-2010"	"travel & transportation"	74
"Nov-2010"	"work & money"	87
"Nov-2010"	"writing & language"	45
"Nov-2011"	"clothing, beauty, & fashion"	50
"Nov-2011"	"computers & internet"	168
"Nov-2011"	"education"	42
"Nov-2011"	"food & drink"	88
"Nov-2011"	"grab bag"	42
"Nov-2011"	"health & fitness"	116
"Nov-2011"	"home & garden"	76
"Nov-2011"	"human relations"	141
"Nov-2011"	"law & government"	50
"Nov-2011"	"media & arts"	120
"Nov-2011"	"pets & animals"	27
"Nov-2011"	"religion & philosophy"	3
"Nov-2011"	"science & nature"	21
"Nov-2011"	"shopping"	68
"Nov-2011"	"society & culture"	37
"Nov-2011"	"sports, hobbies, & recreation"	50
"Nov-2011"	"technology"	91
"Nov-2011"	"travel & transportation"	94
"Nov-2011"	"work & money"	113
"Nov-2011"	"writing & language"	40
"Nov-2012"	"clothing, beauty, & fashion"	26
"Nov-2012"	"computers & internet"	86
"Nov-2012"	"education"	28
"Nov-2012"	"food & drink"	60
"Nov-2012"	"grab bag"	37
"Nov-2012"	"health & fitness"	61
"Nov-2012"	"home & garden"	50
"Nov-2012"	"human relations"	110
"Nov-2012"	"law & government"	27
"Nov-2012"	"media & arts"	67
"Nov-2012"	"pets & animals"	27
"Nov-2012"	"religion & philosophy"	3
"Nov-2012"	"science & nature"	15
"Nov-2012"	"shopping"	29
"Nov-2012"	"society & culture"	29
"Nov-2012"	"sports, hobbies, & recreation"	25
"Nov-2012"	"technology"	47
"Nov-2012"	"travel & transportation"	44
"Nov-2012"	"work & money"	53
"Nov-2012"	"writing & language"	17
"Nov-2013"	"clothing, beauty, & fashion"	24
"Nov-2013"	"computers & internet"	66
"Nov-2013"	"education"	25
"Nov-2013"	"food & drink"	45
"Nov-2013"	"grab bag"	23
"Nov-2013"	"health & fitness"	48
"Nov-2013"	"home & garden"	48
"Nov-2013"	"human relations"	66
"Nov-2013"	"law & government"	15
"Nov-2013"	"media & arts"	61
"Nov-2013"	"pets & animals"	11
"Nov-2013"	"religion & philosophy"	5
"Nov-2013"	"science & nature"	10
"Nov-2013"	"shopping"	29
"Nov-2013"	"society & culture"	23
"Nov-2013"	"sports, hobbies, & recreation"	22
"Nov-2013"	"technology"	31
"Nov-2013"	"travel & transportation"	53
"Nov-2013"	"work & money"	53
"Nov-2013"	"writing & language"	17
"Oct-2004"	"clothing, beauty, & fashion"	20
"Oct-2004"	"computers & internet"	180
"Oct-2004"	"education"	7
"Oct-2004"	"food & drink"	25
"Oct-2004"	"grab bag"	26
"Oct-2004"	"health & fitness"	33
"Oct-2004"	"home & garden"	34
"Oct-2004"	"human relations"	30
"Oct-2004"	"law & government"	49
"Oct-2004"	"media & arts"	68
"Oct-2004"	"pets & animals"	12
"Oct-2004"	"religion & philosophy"	1
"Oct-2004"	"science & nature"	12
"Oct-2004"	"shopping"	25
"Oct-2004"	"society & culture"	45
"Oct-2004"	"sports, hobbies, & recreation"	21
"Oct-2004"	"technology"	40
"Oct-2004"	"travel & transportation"	47
"Oct-2004"	"work & money"	34
"Oct-2004"	"writing & language"	17
"Oct-2006"	"clothing, beauty, & fashion"	19
"Oct-2006"	"computers & internet"	193
"Oct-2006"	"education"	19
"Oct-2006"	"food & drink"	35
"Oct-2006"	"grab bag"	32
"Oct-2006"	"health & fitness"	48
"Oct-2006"	"home & garden"	34
"Oct-2006"	"human relations"	35
"Oct-2006"	"law & government"	43
"Oct-2006"	"media & arts"	104
"Oct-2006"	"pets & animals"	12
"Oct-2006"	"religion & philosophy"	2
"Oct-2006"	"science & nature"	9
"Oct-2006"	"shopping"	26
"Oct-2006"	"society & culture"	31
"Oct-2006"	"sports, hobbies, & recreation"	34
"Oct-2006"	"technology"	52
"Oct-2006"	"travel & transportation"	56
"Oct-2006"	"work & money"	54
"Oct-2006"	"writing & language"	22
"Oct-2007"	"clothing, beauty, & fashion"	29
"Oct-2007"	"computers & internet"	134
"Oct-2007"	"education"	20
"Oct-2007"	"food & drink"	36
"Oct-2007"	"grab bag"	24
"Oct-2007"	"health & fitness"	46
"Oct-2007"	"home & garden"	41
"Oct-2007"	"human relations"	32
"Oct-2007"	"law & government"	23
"Oct-2007"	"media & arts"	66
"Oct-2007"	"pets & animals"	9
"Oct-2007"	"religion & philosophy"	4
"Oct-2007"	"science & nature"	10
"Oct-2007"	"shopping"	10
"Oct-2007"	"society & culture"	19
"Oct-2007"	"sports, hobbies, & recreation"	28
"Oct-2007"	"technology"	42
"Oct-2007"	"travel & transportation"	43
"Oct-2007"	"work & money"	42
"Oct-2007"	"writing & language"	18
"Oct-2008"	"clothing, beauty, & fashion"	30
"Oct-2008"	"computers & internet"	178
"Oct-2008"	"education"	43
"Oct-2008"	"food & drink"	50
"Oct-2008"	"grab bag"	41
"Oct-2008"	"health & fitness"	66
"Oct-2008"	"home & garden"	51
"Oct-2008"	"human relations"	72
"Oct-2008"	"law & government"	36
"Oct-2008"	"media & arts"	108
"Oct-2008"	"pets & animals"	16
"Oct-2008"	"religion & philosophy"	8
"Oct-2008"	"science & nature"	15
"Oct-2008"	"shopping"	38
"Oct-2008"	"society & culture"	36
"Oct-2008"	"sports, hobbies, & recreation"	38
"Oct-2008"	"technology"	50
"Oct-2008"	"travel & transportation"	62
"Oct-2008"	"work & money"	96
"Oct-2008"	"writing & language"	21
"Oct-2009"	"clothing, beauty, & fashion"	52
"Oct-2009"	"computers & internet"	161
"Oct-2009"	"education"	42
"Oct-2009"	"food & drink"	74
"Oct-2009"	"grab bag"	51
"Oct-2009"	"health & fitness"	100
"Oct-2009"	"home & garden"	61
"Oct-2009"	"human relations"	82
"Oct-2009"	"law & government"	36
"Oct-2009"	"media & arts"	118
"Oct-2009"	"pets & animals"	21
"Oct-2009"	"religion & philosophy"	15
"Oct-2009"	"science & nature"	23
"Oct-2009"	"shopping"	30
"Oct-2009"	"society & culture"	37
"Oct-2009"	"sports, hobbies, & recreation"	44
"Oct-2009"	"technology"	78
"Oct-2009"	"travel & transportation"	89
"Oct-2009"	"work & money"	93
"Oct-2009"	"writing & language"	46
"Oct-2010"	"clothing, beauty, & fashion"	9
"Oct-2010"	"computers & internet"	43
"Oct-2010"	"education"	9
"Oct-2010"	"food & drink"	18
"Oct-2010"	"grab bag"	11
"Oct-2010"	"health & fitness"	25
"Oct-2010"	"home & garden"	15
"Oct-2010"	"human relations"	19
"Oct-2010"	"law & government"	6
"Oct-2010"	"media & arts"	18
"Oct-2010"	"pets & animals"	7
"Oct-2010"	"religion & philosophy"	1
"Oct-2010"	"science & nature"	1
"Oct-2010"	"shopping"	9
"Oct-2010"	"society & culture"	7
"Oct-2010"	"sports, hobbies, & recreation"	7
"Oct-2010"	"technology"	14
"Oct-2010"	"travel & transportation"	21
"Oct-2010"	"work & money"	19
"Oct-2010"	"writing & language"	5
"Oct-2011"	"clothing, beauty, & fashion"	40
"Oct-2011"	"computers & internet"	185
"Oct-2011"	"education"	39
"Oct-2011"	"food & drink"	64
"Oct-2011"	"grab bag"	48
"Oct-2011"	"health & fitness"	93
"Oct-2011"	"home & garden"	84
"Oct-2011"	"human relations"	108
"Oct-2011"	"law & government"	50
"Oct-2011"	"media & arts"	123
"Oct-2011"	"pets & animals"	24
"Oct-2011"	"religion & philosophy"	9
"Oct-2011"	"science & nature"	23
"Oct-2011"	"shopping"	33
"Oct-2011"	"society & culture"	38
"Oct-2011"	"sports, hobbies, & recreation"	53
"Oct-2011"	"technology"	58
"Oct-2011"	"travel & transportation"	75
"Oct-2011"	"work & money"	98
"Oct-2011"	"writing & language"	32
"Oct-2012"	"clothing, beauty, & fashion"	58
"Oct-2012"	"computers & internet"	122
"Oct-2012"	"education"	41
"Oct-2012"	"food & drink"	41
"Oct-2012"	"grab bag"	42
"Oct-2012"	"health & fitness"	97
"Oct-2012"	"home & garden"	55
"Oct-2012"	"human relations"	115
"Oct-2012"	"law & government"	39
"Oct-2012"	"media & arts"	99
"Oct-2012"	"pets & animals"	19
"Oct-2012"	"religion & philosophy"	6
"Oct-2012"	"science & nature"	18
"Oct-2012"	"shopping"	28
"Oct-2012"	"society & culture"	33
"Oct-2012"	"sports, hobbies, & recreation"	37
"Oct-2012"	"technology"	55
"Oct-2012"	"travel & transportation"	76
"Oct-2012"	"work & money"	117
"Oct-2012"	"writing & language"	27
"Oct-2013"	"clothing, beauty, & fashion"	35
"Oct-2013"	"computers & internet"	97
"Oct-2013"	"education"	23
"Oct-2013"	"food & drink"	26
"Oct-2013"	"grab bag"	40
"Oct-2013"	"health & fitness"	87
"Oct-2013"	"home & garden"	44
"Oct-2013"	"human relations"	85
"Oct-2013"	"law & government"	21
"Oct-2013"	"media & arts"	79
"Oct-2013"	"pets & animals"	12
"Oct-2013"	"religion & philosophy"	1
"Oct-2013"	"science & nature"	14
"Oct-2013"	"shopping"	18
"Oct-2013"	"society & culture"	18
"Oct-2013"	"sports, hobbies, & recreation"	27
"Oct-2013"	"technology"	54
"Oct-2013"	"travel & transportation"	42
"Oct-2013"	"work & money"	65
"Oct-2013"	"writing & language"	25
"Sep-2004"	"clothing, beauty, & fashion"	17
"Sep-2004"	"computers & internet"	247
"Sep-2004"	"education"	20
"Sep-2004"	"food & drink"	34
"Sep-2004"	"grab bag"	24
"Sep-2004"	"health & fitness"	33
"Sep-2004"	"home & garden"	39
"Sep-2004"	"human relations"	26
"Sep-2004"	"law & government"	21
"Sep-2004"	"media & arts"	75
"Sep-2004"	"pets & animals"	14
"Sep-2004"	"religion & philosophy"	3
"Sep-2004"	"science & nature"	15
"Sep-2004"	"shopping"	30
"Sep-2004"	"society & culture"	22
"Sep-2004"	"sports, hobbies, & recreation"	18
"Sep-2004"	"technology"	41
"Sep-2004"	"travel & transportation"	35
"Sep-2004"	"work & money"	24
"Sep-2004"	"writing & language"	29
"Sep-2005"	"clothing, beauty, & fashion"	11
"Sep-2005"	"computers & internet"	110
"Sep-2005"	"education"	5
"Sep-2005"	"food & drink"	17
"Sep-2005"	"grab bag"	14
"Sep-2005"	"health & fitness"	25
"Sep-2005"	"home & garden"	26
"Sep-2005"	"human relations"	20
"Sep-2005"	"law & government"	14
"Sep-2005"	"media & arts"	42
"Sep-2005"	"pets & animals"	4
"Sep-2005"	"religion & philosophy"	1
"Sep-2005"	"science & nature"	11
"Sep-2005"	"shopping"	14
"Sep-2005"	"society & culture"	18
"Sep-2005"	"sports, hobbies, & recreation"	16
"Sep-2005"	"technology"	26
"Sep-2005"	"travel & transportation"	41
"Sep-2005"	"work & money"	26
"Sep-2005"	"writing & language"	14
"Sep-2006"	"clothing, beauty, & fashion"	26
"Sep-2006"	"computers & internet"	310
"Sep-2006"	"education"	29
"Sep-2006"	"food & drink"	48
"Sep-2006"	"grab bag"	41
"Sep-2006"	"health & fitness"	89
"Sep-2006"	"home & garden"	63
"Sep-2006"	"human relations"	61
"Sep-2006"	"law & government"	33
"Sep-2006"	"media & arts"	124
"Sep-2006"	"pets & animals"	26
"Sep-2006"	"religion & philosophy"	12
"Sep-2006"	"science & nature"	28
"Sep-2006"	"shopping"	30
"Sep-2006"	"society & culture"	39
"Sep-2006"	"sports, hobbies, & recreation"	49
"Sep-2006"	"technology"	81
"Sep-2006"	"travel & transportation"	89
"Sep-2006"	"work & money"	75
"Sep-2006"	"writing & language"	40
"Sep-2007"	"clothing, beauty, & fashion"	27
"Sep-2007"	"computers & internet"	241
"Sep-2007"	"education"	35
"Sep-2007"	"food & drink"	56
"Sep-2007"	"grab bag"	32
"Sep-2007"	"health & fitness"	74
"Sep-2007"	"home & garden"	56
"Sep-2007"	"human relations"	61
"Sep-2007"	"law & government"	37
"Sep-2007"	"media & arts"	110
"Sep-2007"	"pets & animals"	20
"Sep-2007"	"religion & philosophy"	12
"Sep-2007"	"science & nature"	19
"Sep-2007"	"shopping"	29
"Sep-2007"	"society & culture"	41
"Sep-2007"	"sports, hobbies, & recreation"	53
"Sep-2007"	"technology"	85
"Sep-2007"	"travel & transportation"	86
"Sep-2007"	"work & money"	90
"Sep-2007"	"writing & language"	32
"Sep-2008"	"clothing, beauty, & fashion"	26
"Sep-2008"	"computers & internet"	194
"Sep-2008"	"education"	26
"Sep-2008"	"food & drink"	42
"Sep-2008"	"grab bag"	38
"Sep-2008"	"health & fitness"	59
"Sep-2008"	"home & garden"	50
"Sep-2008"	"human relations"	72
"Sep-2008"	"law & government"	51
"Sep-2008"	"media & arts"	106
"Sep-2008"	"pets & animals"	22
"Sep-2008"	"religion & philosophy"	11
"Sep-2008"	"science & nature"	17
"Sep-2008"	"shopping"	22
"Sep-2008"	"society & culture"	33
"Sep-2008"	"sports, hobbies, & recreation"	37
"Sep-2008"	"technology"	81
"Sep-2008"	"travel & transportation"	69
"Sep-2008"	"work & money"	78
"Sep-2008"	"writing & language"	35
"Sep-2009"	"clothing, beauty, & fashion"	36
"Sep-2009"	"computers & internet"	200
"Sep-2009"	"education"	41
"Sep-2009"	"food & drink"	68
"Sep-2009"	"grab bag"	47
"Sep-2009"	"health & fitness"	105
"Sep-2009"	"home & garden"	93
"Sep-2009"	"human relations"	91
"Sep-2009"	"law & government"	39
"Sep-2009"	"media & arts"	139
"Sep-2009"	"pets & animals"	26
"Sep-2009"	"religion & philosophy"	7
"Sep-2009"	"science & nature"	26
"Sep-2009"	"shopping"	30
"Sep-2009"	"society & culture"	46
"Sep-2009"	"sports, hobbies, & recreation"	54
"Sep-2009"	"technology"	70
"Sep-2009"	"travel & transportation"	92
"Sep-2009"	"work & money"	107
"Sep-2009"	"writing & language"	39
"Sep-2010"	"clothing, beauty, & fashion"	14
"Sep-2010"	"computers & internet"	50
"Sep-2010"	"education"	6
"Sep-2010"	"food & drink"	19
"Sep-2010"	"grab bag"	20
"Sep-2010"	"health & fitness"	28
"Sep-2010"	"home & garden"	14
"Sep-2010"	"human relations"	29
"Sep-2010"	"law & government"	13
"Sep-2010"	"media & arts"	39
"Sep-2010"	"pets & animals"	4
"Sep-2010"	"religion & philosophy"	3
"Sep-2010"	"science & nature"	11
"Sep-2010"	"shopping"	13
"Sep-2010"	"society & culture"	8
"Sep-2010"	"sports, hobbies, & recreation"	18
"Sep-2010"	"technology"	19
"Sep-2010"	"travel & transportation"	17
"Sep-2010"	"work & money"	22
"Sep-2010"	"writing & language"	13
"Sep-2011"	"clothing, beauty, & fashion"	61
"Sep-2011"	"computers & internet"	159
"Sep-2011"	"education"	36
"Sep-2011"	"food & drink"	55
"Sep-2011"	"grab bag"	38
"Sep-2011"	"health & fitness"	100
"Sep-2011"	"home & garden"	72
"Sep-2011"	"human relations"	124
"Sep-2011"	"law & government"	38
"Sep-2011"	"media & arts"	123
"Sep-2011"	"pets & animals"	19
"Sep-2011"	"religion & philosophy"	9
"Sep-2011"	"science & nature"	19
"Sep-2011"	"shopping"	36
"Sep-2011"	"society & culture"	29
"Sep-2011"	"sports, hobbies, & recreation"	57
"Sep-2011"	"technology"	58
"Sep-2011"	"travel & transportation"	108
"Sep-2011"	"work & money"	107
"Sep-2011"	"writing & language"	47
"Sep-2012"	"clothing, beauty, & fashion"	38
"Sep-2012"	"computers & internet"	130
"Sep-2012"	"education"	34
"Sep-2012"	"food & drink"	49
"Sep-2012"	"grab bag"	48
"Sep-2012"	"health & fitness"	85
"Sep-2012"	"home & garden"	55
"Sep-2012"	"human relations"	111
"Sep-2012"	"law & government"	24
"Sep-2012"	"media & arts"	89
"Sep-2012"	"pets & animals"	18
"Sep-2012"	"religion & philosophy"	3
"Sep-2012"	"science & nature"	21
"Sep-2012"	"shopping"	21
"Sep-2012"	"society & culture"	38
"Sep-2012"	"sports, hobbies, & recreation"	38
"Sep-2012"	"technology"	75
"Sep-2012"	"travel & transportation"	69
"Sep-2012"	"work & money"	89
"Sep-2012"	"writing & language"	31
"Sep-2013"	"clothing, beauty, & fashion"	59
"Sep-2013"	"computers & internet"	109
"Sep-2013"	"education"	34
"Sep-2013"	"food & drink"	42
"Sep-2013"	"grab bag"	38
"Sep-2013"	"health & fitness"	90
"Sep-2013"	"home & garden"	56
"Sep-2013"	"human relations"	122
"Sep-2013"	"law & government"	42
"Sep-2013"	"media & arts"	80
"Sep-2013"	"pets & animals"	27
"Sep-2013"	"religion & philosophy"	5
"Sep-2013"	"science & nature"	17
"Sep-2013"	"shopping"	30
"Sep-2013"	"society & culture"	32
"Sep-2013"	"sports, hobbies, & recreation"	36
"Sep-2013"	"technology"	56
"Sep-2013"	"travel & transportation"	70
"Sep-2013"	"work & money"	78
"Sep-2013"	"writing & language"	24
"Sep-2014"	"clothing, beauty, & fashion"	29
"Sep-2014"	"computers & internet"	57
"Sep-2014"	"education"	27
"Sep-2014"	"food & drink"	33
"Sep-2014"	"grab bag"	34
"Sep-2014"	"health & fitness"	50
"Sep-2014"	"home & garden"	25
"Sep-2014"	"human relations"	77
"Sep-2014"	"law & government"	20
"Sep-2014"	"media & arts"	62
"Sep-2014"	"pets & animals"	18
"Sep-2014"	"religion & philosophy"	3
"Sep-2014"	"science & nature"	13
"Sep-2014"	"shopping"	19
"Sep-2014"	"society & culture"	23
"Sep-2014"	"sports, hobbies, & recreation"	26
"Sep-2014"	"technology"	40
"Sep-2014"	"travel & transportation"	54
"Sep-2014"	"work & money"	60
"Sep-2014"	"writing & language"	23
